,url,title,img1,img2,price,jan_code,item_code
0,https://petweb.jp/show?product_code=412253-02,プロフェム クリアウォッシュ ２００ｍｌ,https://petweb.jp/ec_rider/product_images/0002/9706/412253-02_01_1.jpg?1626136111,,2750.0,JANコード：4562410851277,商品コード：412253-02
1,https://petweb.jp/show?product_code=412253-04,プロフェム クリアウォッシュ ３０００ｍｌ,https://petweb.jp/ec_rider/product_images/0002/8516/412253-04_01_1.jpg?1626136110,,12100.0,JANコード：4562410851291,商品コード：412253-04
2,https://petweb.jp/show?product_code=559251-01,ゾイック スキモ ピュアクレンジング １０００ｇ,https://petweb.jp/ec_rider/product_images/0003/9186/559251-01_01_1.jpg?1625189298,,5000.0,JANコード：4989793351260,商品コード：559251-01
3,https://petweb.jp/show?product_code=559351-01,ゾイック スーパークレンジング １０００ｍｌ,https://petweb.jp/ec_rider/product_images/0004/1756/559351-01_01_1.jpg?1612651965,,6000.0,JANコード：4989793924037,商品コード：559351-01
4,https://petweb.jp/show?product_code=468251-02,自然流 子犬用 ２Ｌ,https://petweb.jp/ec_rider/product_images/0004/8876/468251-02_01_1.jpg?1643679646,https://petweb.jp/ec_rider/product_images/0006/0926/468251-02_02_0.jpg?1643684323,12800.0,JANコード：4562233451012,商品コード：468251-02
5,https://petweb.jp/show?product_code=468251-03,自然流 子犬用 ６０ｍｌ,https://petweb.jp/ec_rider/product_images/0000/7521/468251-03_01_1.jpg?1612649915,https://petweb.jp/ec_rider/product_images/0006/0871/468251-03_02_0.jpg?1643684319,800.0,JANコード：4963974005258,商品コード：468251-03
6,https://petweb.jp/show?product_code=468251-04,自然流 子犬用 ３００ｍｌ,https://petweb.jp/ec_rider/product_images/0004/6971/468251-04_01_1.jpg?1612652275,https://petweb.jp/ec_rider/product_images/0006/0921/468251-04_02_0.jpg?1643684323,3300.0,JANコード：4963974005357,商品コード：468251-04
7,https://petweb.jp/show?product_code=468252-02,自然流 スーパーグレード ２Ｌ,https://petweb.jp/ec_rider/product_images/0004/6226/468252-02_01_1.jpg?1643679793,https://petweb.jp/ec_rider/product_images/0006/0916/468252-02_02_0.jpg?1643684322,12800.0,JANコード：4562233455119,商品コード：468252-02
8,https://petweb.jp/show?product_code=468252-03,自然流 スーパーグレード ６０ｍｌ,https://petweb.jp/ec_rider/product_images/0000/6436/468252-03_01_1.jpg?1612649850,https://petweb.jp/ec_rider/product_images/0006/0866/468252-03_02_0.jpg?1643684319,800.0,JANコード：4963974005210,商品コード：468252-03
9,https://petweb.jp/show?product_code=468252-04,自然流 スーパーグレード ３００ｍｌ,https://petweb.jp/ec_rider/product_images/0001/6751/468252-04_01_1.jpg?1612650457,https://petweb.jp/ec_rider/product_images/0006/0876/468252-04_02_0.jpg?1643684320,3300.0,JANコード：4963974005319,商品コード：468252-04
10,https://petweb.jp/show?product_code=468253-02,自然流 全犬種 ２Ｌ,https://petweb.jp/ec_rider/product_images/0000/0086/468253-02_01_1.jpg?1643679810,https://petweb.jp/ec_rider/product_images/0006/0856/468253-02_02_0.jpg?1643684318,8000.0,JANコード：4562233455126,商品コード：468253-02
11,https://petweb.jp/show?product_code=468253-03,自然流 全犬種 ６０ｍｌ,https://petweb.jp/ec_rider/product_images/0003/7576/468253-03_01_1.jpg?1612651707,https://petweb.jp/ec_rider/product_images/0006/0906/468253-03_02_0.jpg?1643684322,600.0,JANコード：4963974005227,商品コード：468253-03
12,https://petweb.jp/show?product_code=468253-04,自然流 全犬種 ３００ｍｌ,https://petweb.jp/ec_rider/product_images/0003/6936/468253-04_01_1.jpg?1612651666,https://petweb.jp/ec_rider/product_images/0006/0901/468253-04_02_0.jpg?1643684321,2200.0,JANコード：4963974005326,商品コード：468253-04
13,https://petweb.jp/show?product_code=468254-02,自然流 白毛用 ２Ｌ,https://petweb.jp/ec_rider/product_images/0000/6261/468254-02_01_1.jpg?1643679839,https://petweb.jp/ec_rider/product_images/0006/0861/468254-02_02_0.jpg?1643684319,8000.0,JANコード：4562233455133,商品コード：468254-02
14,https://petweb.jp/show?product_code=468254-03,自然流 白毛用 ６０ｍｌ,https://petweb.jp/ec_rider/product_images/0003/2156/468254-03_01_1.jpg?1612651373,https://petweb.jp/ec_rider/product_images/0006/0896/468254-03_02_0.jpg?1643684321,600.0,JANコード：4963974005234,商品コード：468254-03
15,https://petweb.jp/show?product_code=468254-04,自然流 白毛用 ３００ｍｌ,https://petweb.jp/ec_rider/product_images/0002/2566/468254-04_01_1.jpg?1612650792,https://petweb.jp/ec_rider/product_images/0006/0881/468254-04_02_0.jpg?1643684320,2200.0,JANコード：4963974005333,商品コード：468254-04
16,https://petweb.jp/show?product_code=097311-31,シャンメシャン 自然のシャンプー詰め替え２０５０ｍｌ,https://petweb.jp/ec_rider/product_images/0001/2321/097311-31_01_1.jpg?1624582193,,7500.0,JANコード：4537456017116,商品コード：097311-31
17,https://petweb.jp/show?product_code=097311-41,シャンメシャン 自然のシャンプー ２５０ｍｌ,https://petweb.jp/ec_rider/product_images/0002/3751/097311-41_01_1.jpg?1612650862,https://petweb.jp/ec_rider/product_images/0002/3756/097311-41_02_0.jpg?1612650862,2500.0,JANコード：4537456834102,商品コード：097311-41
18,https://petweb.jp/show?product_code=097312-01,シャンメシャン 自然のシャンプー＆リンス トライアルセット,https://petweb.jp/ec_rider/product_images/0006/1661/097312-01_01_1.jpg?1645665075,,1000.0,JANコード：4537456200181,商品コード：097312-01
19,https://petweb.jp/show?product_code=364001-01,ノルバサンシャンプー０．５ ２３６ｍｌ,https://petweb.jp/ec_rider/product_images/0002/9556/364001-01_01_1.jpg?1612651213,https://petweb.jp/ec_rider/product_images/0002/9551/364001-01_02_0.jpg?1612651213,3000.0,JANコード：4571144450021,商品コード：364001-01
20,https://petweb.jp/show?product_code=412251-02,プロフェム ベーシックシャンプー ３０００ｍｌ,https://petweb.jp/ec_rider/product_images/0002/7321/412251-02_01_1.jpg?1626136109,,8800.0,JANコード：4562410851215,商品コード：412251-02
21,https://petweb.jp/show?product_code=412254-02,プロフェム アルトリームシャンプー ２００ｍｌ,https://petweb.jp/ec_rider/product_images/0000/6221/412254-02_01_1.jpg?1626136088,,2750.0,JANコード：4562410851314,商品コード：412254-02
22,https://petweb.jp/show?product_code=412254-04,プロフェム アルトリームシャンプー ３０００ｍｌ,https://petweb.jp/ec_rider/product_images/0002/0006/412254-04_01_1.jpg?1626136104,,16500.0,JANコード：4562410851338,商品コード：412254-04
23,https://petweb.jp/show?product_code=412256-02,プロフェム エスチュアシャンプー ２００ｍｌ,https://petweb.jp/ec_rider/product_images/0002/5951/412256-02_01_1.jpg?1626136108,,2750.0,JANコード：4562410851390,商品コード：412256-02
24,https://petweb.jp/show?product_code=412256-04,プロフェム エスチュアシャンプー ３０００ｍｌ,https://petweb.jp/ec_rider/product_images/0001/4611/412256-04_01_1.jpg?1626136096,,16500.0,JANコード：4562410851413,商品コード：412256-04
25,https://petweb.jp/show?product_code=412258-02,プロフェム スーパーモイストシャンプー ２００ｍｌ,https://petweb.jp/ec_rider/product_images/0004/0991/412258-02_01_1.jpg?1626136116,,2750.0,JANコード：4562410851475,商品コード：412258-02
26,https://petweb.jp/show?product_code=412258-04,プロフェム スーパーモイストシャンプー ３０００ｍｌ,https://petweb.jp/ec_rider/product_images/0002/2571/412258-04_01_1.jpg?1626136105,,16500.0,JANコード：4562410851499,商品コード：412258-04
27,https://petweb.jp/show?product_code=412260-02,プロフェム ブリスルシャンプー ２００ｍｌ,https://petweb.jp/ec_rider/product_images/0002/9656/412260-02_01_1.jpg?1626136110,,2750.0,JANコード：4562410851550,商品コード：412260-02
28,https://petweb.jp/show?product_code=412260-04,プロフェム ブリスルシャンプー ３０００ｍｌ,https://petweb.jp/ec_rider/product_images/0000/9911/412260-04_01_1.jpg?1626136091,,16500.0,JANコード：4562410851574,商品コード：412260-04
29,https://petweb.jp/show?product_code=412262-02,プロフェム スキンケアシャンプー ２００ｍｌ,https://petweb.jp/ec_rider/product_images/0003/5891/412262-02_01_1.jpg?1626136114,,3500.0,JANコード：4562410851635,商品コード：412262-02
30,https://petweb.jp/show?product_code=412262-04,プロフェム スキンケアシャンプー ３０００ｍｌ,https://petweb.jp/ec_rider/product_images/0002/2991/412262-04_01_1.jpg?1626136105,,18000.0,JANコード：4562410851659,商品コード：412262-04
31,https://petweb.jp/show?product_code=479025-01,ＡＰＤＣティーツリーシャンプー ２５０ｍｌ,https://petweb.jp/ec_rider/product_images/0003/5106/479025-01_01_1.jpg?1612651555,,1200.0,JANコード：4528636804169,商品コード：479025-01
32,https://petweb.jp/show?product_code=479025-02,ＡＰＤＣティーツリーシャンプー ５００ｍｌ,https://petweb.jp/ec_rider/product_images/0002/1601/479025-02_01_1.jpg?1625115571,,2000.0,JANコード：4528636804176,商品コード：479025-02
33,https://petweb.jp/show?product_code=479025-03,ＡＰＤＣティーツリーシャンプー 業務用５Ｌ,https://petweb.jp/ec_rider/product_images/0003/6521/479025-03_01_1.jpg?1625115576,,12000.0,JANコード：4528636804183,商品コード：479025-03
34,https://petweb.jp/show?product_code=479036-01,ＡＰＤＣシャンプー＆コンディショナーセット,https://petweb.jp/ec_rider/product_images/0002/3566/479036-01_01_1.jpg?1625115573,,800.0,JANコード：4528636804411,商品コード：479036-01
35,https://petweb.jp/show?product_code=479036-02,ＡＰＤＣシャンプー＆ボリュームアップコンディショナーセット,https://petweb.jp/ec_rider/product_images/0002/0011/479036-02_01_1.jpg?1625115570,,800.0,JANコード：4528636804428,商品コード：479036-02
36,https://petweb.jp/show?product_code=479111-01,ＡＰＤＣおひげ用ナチュラル ホワイトニング フォーミングシャンプー,https://petweb.jp/ec_rider/product_images/0006/1686/479111-01_01_1.jpg?1646197633,,2000.0,JANコード：4528636806811,商品コード：479111-01
37,https://petweb.jp/show?product_code=479171-01,ドッグクレンジングシャンプー ５０ｍｌ,https://petweb.jp/ec_rider/product_images/0005/6511/479171-01_01_1.jpg?1633077613,,500.0,JANコード：4528636807320,商品コード：479171-01
38,https://petweb.jp/show?product_code=479171-02,ドッグクレンジングシャンプー ５００ｍｌ,https://petweb.jp/ec_rider/product_images/0005/6536/479171-02_01_1.jpg?1633077616,,2500.0,JANコード：4528636807306,商品コード：479171-02
39,https://petweb.jp/show?product_code=479171-03,ドッグクレンジングシャンプー ２Ｌ,https://petweb.jp/ec_rider/product_images/0005/6516/479171-03_01_1.jpg?1633077614,,7000.0,JANコード：4528636807313,商品コード：479171-03
40,https://petweb.jp/show?product_code=479302-01,猫用プロフェッショナル モア グロッシィ シャンプー ２５０ｍｌ,https://petweb.jp/ec_rider/product_images/0001/0566/479302-01_01_1.jpg?1612650095,,2000.0,JANコード：4528636805753,商品コード：479302-01
41,https://petweb.jp/show?product_code=479303-01,猫用プロフェッショナル スタンダード ケア シャンプー ２５０ｍｌ,https://petweb.jp/ec_rider/product_images/0004/4601/479303-01_01_1.jpg?1612652133,,2200.0,JANコード：4528636805777,商品コード：479303-01
42,https://petweb.jp/show?product_code=483007-01,アリールアンドシーノンシリコンシャンプー２５０ｍｌ,https://petweb.jp/ec_rider/product_images/0002/9836/483007-01_01_1.jpg?1612651230,,2800.0,JANコード：4571451681125,商品コード：483007-01
43,https://petweb.jp/show?product_code=559032-01,ゾイック Ｎ キャッツ トリートメントインシャンプー ショート（中・短毛猫種用） ３００ｍｌ,https://petweb.jp/ec_rider/product_images/0004/6091/559032-01_01_1.jpg?1612652222,,2000.0,JANコード：4989793351369,商品コード：559032-01
44,https://petweb.jp/show?product_code=559032-02,ゾイック Ｎ キャッツ トリートメントインシャンプー ロング（長毛猫種用） ３００ｍｌ,https://petweb.jp/ec_rider/product_images/0001/7466/559032-02_01_1.jpg?1612650498,,2000.0,JANコード：4989793351376,商品コード：559032-02
45,https://petweb.jp/show?product_code=559053-01,スピーディーワン トリートメントインシャンプー P（プードル用） 250ｍｌ,https://petweb.jp/ec_rider/product_images/0003/6761/559053-01_01_1.jpg?1612651655,,1400.0,JANコード：4989793350706,商品コード：559053-01
46,https://petweb.jp/show?product_code=559053-11,スピーディーワン トリートメントインシャンプー C（チワワ用） 250ｍｌ,https://petweb.jp/ec_rider/product_images/0003/1111/559053-11_01_1.jpg?1612651309,,1400.0,JANコード：4989793350713,商品コード：559053-11
47,https://petweb.jp/show?product_code=559053-21,スピーディーワン トリートメントインシャンプー D（ダックスフンド用） 250ｍｌ,https://petweb.jp/ec_rider/product_images/0004/5891/559053-21_01_1.jpg?1612652210,,1400.0,JANコード：4989793350720,商品コード：559053-21
48,https://petweb.jp/show?product_code=559053-31,スピーディーワン トリートメントインシャンプー S（柴犬用） 250ｍｌ,https://petweb.jp/ec_rider/product_images/0002/6101/559053-31_01_1.jpg?1612651003,,1400.0,JANコード：4989793350737,商品コード：559053-31
49,https://petweb.jp/show?product_code=559101-01,ゾイック 薬用シャンプー ３００ｍｌ,https://petweb.jp/ec_rider/product_images/0001/9076/559101-01_01_1.jpg?1612650590,,2300.0,JANコード：4989793473504,商品コード：559101-01
50,https://petweb.jp/show?product_code=559101-02,ゾイック 薬用シャンプー ３０００ｍｌ,https://petweb.jp/ec_rider/product_images/0002/7526/559101-02_01_1.jpg?1612651090,,13000.0,JANコード：4989793911945,商品コード：559101-02
51,https://petweb.jp/show?product_code=559151-01,ゾイックＮ ショートシャンプー ３００ｍｌ,https://petweb.jp/ec_rider/product_images/0002/7451/559151-01_01_1.jpg?1612651085,,1800.0,JANコード：4989793350799,商品コード：559151-01
52,https://petweb.jp/show?product_code=559151-02,ゾイックＮ ショートシャンプー ４０００ｍｌ,https://petweb.jp/ec_rider/product_images/0001/0021/559151-02_01_1.jpg?1625189285,,8000.0,JANコード：4989793350805,商品コード：559151-02
53,https://petweb.jp/show?product_code=559152-01,ゾイックＮ ロングシャンプー ３００ｍｌ,https://petweb.jp/ec_rider/product_images/0003/1726/559152-01_01_1.jpg?1612651347,,1800.0,JANコード：4989793350843,商品コード：559152-01
54,https://petweb.jp/show?product_code=559152-02,ゾイックＮ ロングシャンプー ４０００ｍｌ,https://petweb.jp/ec_rider/product_images/0003/2376/559152-02_01_1.jpg?1625189296,,8000.0,JANコード：4989793350850,商品コード：559152-02
55,https://petweb.jp/show?product_code=559153-01,ゾイックＮ ホワイトニングシャンプー ３００ｍｌ,https://petweb.jp/ec_rider/product_images/0001/0521/559153-01_01_1.jpg?1612650093,,1800.0,JANコード：4989793350942,商品コード：559153-01
56,https://petweb.jp/show?product_code=559153-02,ゾイックＮ ホワイトニングシャンプー ４０００ｍｌ,https://petweb.jp/ec_rider/product_images/0000/3726/559153-02_01_1.jpg?1625189281,,8000.0,JANコード：4989793350959,商品コード：559153-02
57,https://petweb.jp/show?product_code=559154-01,ゾイックＮ パピドールシャンプー ３００ｍｌ,https://petweb.jp/ec_rider/product_images/0004/5336/559154-01_01_1.jpg?1612652176,,1800.0,JANコード：4989793350898,商品コード：559154-01
58,https://petweb.jp/show?product_code=559154-02,ゾイックＮ パピドールシャンプー ４０００ｍｌ,https://petweb.jp/ec_rider/product_images/0001/6321/559154-02_01_1.jpg?1625189290,,8000.0,JANコード：4989793350904,商品コード：559154-02
59,https://petweb.jp/show?product_code=559252-01,ゾイック スキモ ピュアシャンプー ふんわり １０００ｍｌ,https://petweb.jp/ec_rider/product_images/0001/0151/559252-01_01_1.jpg?1625189288,,4375.0,JANコード：4989793351277,商品コード：559252-01
60,https://petweb.jp/show?product_code=559252-02,ゾイック スキモ ピュアシャンプー まとまり １０００ｍｌ,https://petweb.jp/ec_rider/product_images/0004/9616/559252-02_01_1.jpg?1625189300,,4375.0,JANコード：4989793351284,商品コード：559252-02
61,https://petweb.jp/show?product_code=559252-11,ゾイック スキモ ピュアシャンプー ホイップタイプ ふんわり ２００ｇ,https://petweb.jp/ec_rider/product_images/0002/1066/559252-11_01_1.jpg?1625189293,https://petweb.jp/ec_rider/product_images/0002/1071/559252-11_02_0.jpg?1612650706,2800.0,JANコード：4989793351321,商品コード：559252-11
62,https://petweb.jp/show?product_code=559252-12,ゾイック スキモ ピュアシャンプー ホイップタイプ まとまり ２００ｇ,https://petweb.jp/ec_rider/product_images/0001/7161/559252-12_01_1.jpg?1625189292,https://petweb.jp/ec_rider/product_images/0001/7166/559252-12_02_0.jpg?1612650481,2800.0,JANコード：4989793351338,商品コード：559252-12
63,https://petweb.jp/show?product_code=559353-01,ゾイック クイックハーフ仔犬用 ３００ｍｌ,https://petweb.jp/ec_rider/product_images/0002/0606/559353-01_01_1.jpg?1625189292,,1500.0,JANコード：4989793350485,商品コード：559353-01
64,https://petweb.jp/show?product_code=559354-01,ゾイック クイックハーフ成犬用 ３００ｍｌ,https://petweb.jp/ec_rider/product_images/0000/2671/559354-01_01_1.jpg?1625189280,,1500.0,JANコード：4989793350492,商品コード：559354-01
65,https://petweb.jp/show?product_code=559501-01,ゾイック カシミヤタッチ シャンプー １５００ｍｌ,https://petweb.jp/ec_rider/product_images/0005/5436/559501-01_01_1.jpg?1630628171,https://petweb.jp/ec_rider/product_images/0005/5446/559501-01_02_0.jpg?1630628172,6600.0,JANコード：4989793351383,商品コード：559501-01
66,https://petweb.jp/show?product_code=559712-11,ゾイック ファーメイクイーエックス シャンプー エス １５００ｍｌ,https://petweb.jp/ec_rider/product_images/0004/9026/559712-11_01_1.jpg?1612652400,,5000.0,JANコード：4989793351048,商品コード：559712-11
67,https://petweb.jp/show?product_code=559712-12,ゾイック ファーメイクイーエックス シャンプー エー １５００ｍｌ,https://petweb.jp/ec_rider/product_images/0002/6526/559712-12_01_1.jpg?1612651030,,5000.0,JANコード：4989793351055,商品コード：559712-12
68,https://petweb.jp/show?product_code=559302-02,ポゼス マーマルシャンプー ３０００ｍｌ,https://petweb.jp/ec_rider/product_images/0003/1236/559302-02_01_1.jpg?1612651316,,11400.0,JANコード：4989793911914,商品コード：559302-02
69,https://petweb.jp/show?product_code=578005-01,ナチュラル重曹シャンプー（犬用）,https://petweb.jp/ec_rider/product_images/0001/7871/578005-01_01_1.jpg?1625020463,https://petweb.jp/ec_rider/product_images/0001/7876/578005-01_02_0.jpg?1612650522,940.0,JANコード：4562347092415,商品コード：578005-01
70,https://petweb.jp/show?product_code=578006-01,ナチュラル重曹シャンプー（猫用）,https://petweb.jp/ec_rider/product_images/0004/0711/578006-01_01_1.jpg?1625020465,,940.0,JANコード：4562347092514,商品コード：578006-01
71,https://petweb.jp/show?product_code=605400-01,オレンジＸ ２５０ｍｌ,https://petweb.jp/ec_rider/product_images/0003/5431/605400-01_01_1.jpg?1625098328,https://petweb.jp/ec_rider/product_images/0005/4136/605400-01_02_0.jpg?1625098325,1656.0,JANコード：4952211000019,商品コード：605400-01
72,https://petweb.jp/show?product_code=605401-01,オレンジＸ ８００ｍｌ,https://petweb.jp/ec_rider/product_images/0004/1951/605401-01_01_1.jpg?1625098328,https://petweb.jp/ec_rider/product_images/0005/4141/605401-01_02_0.jpg?1625098329,3974.0,JANコード：4952211000026,商品コード：605401-01
73,https://petweb.jp/show?product_code=621013-01,サロンフォードッグス【ＳＡＬＯＮ ＦＯＲ ＤＯＧＳ】 ミネラルシャンプー ３００ｍｌ,https://petweb.jp/ec_rider/product_images/0002/2231/621013-01_01_1.jpg?1612650773,https://petweb.jp/ec_rider/product_images/0002/2226/621013-01_02_0.jpg?1612650773,3000.0,JANコード：4573140461520,商品コード：621013-01
74,https://petweb.jp/show?product_code=635010-01,ビーミーニー イーストシャンプー,https://petweb.jp/ec_rider/product_images/0005/5546/635010-01_01_1.jpg?1630644732,,3600.0,JANコード：4573178102303,商品コード：635010-01
75,https://petweb.jp/show?product_code=468255-02,自然流 トリートメント ２Ｌ,https://petweb.jp/ec_rider/product_images/0002/5416/468255-02_01_1.jpg?1643679854,https://petweb.jp/ec_rider/product_images/0006/0886/468255-02_02_0.jpg?1643684320,8000.0,JANコード：4562233455140,商品コード：468255-02
76,https://petweb.jp/show?product_code=468255-03,自然流 トリートメント ６０ｍｌ,https://petweb.jp/ec_rider/product_images/0004/3386/468255-03_01_1.jpg?1612652061,https://petweb.jp/ec_rider/product_images/0006/0911/468255-03_02_0.jpg?1643684322,600.0,JANコード：4963974005241,商品コード：468255-03
77,https://petweb.jp/show?product_code=468255-04,自然流 トリートメント ３００ｍｌ,https://petweb.jp/ec_rider/product_images/0003/0701/468255-04_01_1.jpg?1612651284,https://petweb.jp/ec_rider/product_images/0006/0891/468255-04_02_0.jpg?1643684321,2200.0,JANコード：4963974005340,商品コード：468255-04
78,https://petweb.jp/show?product_code=097311-32,シャンメシャン 自然のリンス 詰め替え２０５０ｍｌ,https://petweb.jp/ec_rider/product_images/0003/3086/097311-32_01_1.jpg?1624582193,,7500.0,JANコード：4537456017123,商品コード：097311-32
79,https://petweb.jp/show?product_code=097311-51,シャンメシャン 自然のリンス ２５０ｍｌ,https://petweb.jp/ec_rider/product_images/0000/6081/097311-51_01_1.jpg?1612649830,https://petweb.jp/ec_rider/product_images/0000/6076/097311-51_02_0.jpg?1612649829,2500.0,JANコード：4537456834126,商品コード：097311-51
80,https://petweb.jp/show?product_code=412252-02,プロフェム ベーシックリンス ３０００ｍｌ,https://petweb.jp/ec_rider/product_images/0003/2071/412252-02_01_1.jpg?1626136113,,8800.0,JANコード：4562410851246,商品コード：412252-02
81,https://petweb.jp/show?product_code=412255-02,プロフェム アルトリームリンス ２００ｍｌ,https://petweb.jp/ec_rider/product_images/0000/8561/412255-02_01_1.jpg?1626136090,,2750.0,JANコード：4562410851352,商品コード：412255-02
82,https://petweb.jp/show?product_code=412255-04,プロフェム アルトリームリンス ３０００ｍｌ,https://petweb.jp/ec_rider/product_images/0000/2361/412255-04_01_1.jpg?1626136081,,16500.0,JANコード：4562410851376,商品コード：412255-04
83,https://petweb.jp/show?product_code=412257-02,プロフェム エスチュアリンス ２００ｍｌ,https://petweb.jp/ec_rider/product_images/0000/7976/412257-02_01_1.jpg?1626136089,,2750.0,JANコード：4562410851437,商品コード：412257-02
84,https://petweb.jp/show?product_code=412257-04,プロフェム エスチュアリンス ３０００ｍｌ,https://petweb.jp/ec_rider/product_images/0001/3901/412257-04_01_1.jpg?1626136095,,16500.0,JANコード：4562410851451,商品コード：412257-04
85,https://petweb.jp/show?product_code=412259-02,プロフェム スーパーモイストリンス ２００ｍｌ,https://petweb.jp/ec_rider/product_images/0001/4676/412259-02_01_1.jpg?1626136097,,2750.0,JANコード：4562410851512,商品コード：412259-02
86,https://petweb.jp/show?product_code=412259-04,プロフェム スーパーモイストリンス３０００ｍｌ,https://petweb.jp/ec_rider/product_images/0001/2126/412259-04_01_1.jpg?1626136093,,16500.0,JANコード：4562410851536,商品コード：412259-04
87,https://petweb.jp/show?product_code=412261-02,プロフェム ブリスルリンス ２００ｍｌ,https://petweb.jp/ec_rider/product_images/0002/4861/412261-02_01_1.jpg?1626136106,,2750.0,JANコード：4562410851598,商品コード：412261-02
88,https://petweb.jp/show?product_code=412261-04,プロフェム ブリスルリンス ３０００ｍｌ,https://petweb.jp/ec_rider/product_images/0001/8296/412261-04_01_1.jpg?1626136101,,16500.0,JANコード：4562410851611,商品コード：412261-04
89,https://petweb.jp/show?product_code=412263-02,プロフェム スキンケアリンス ２００ｍｌ,https://petweb.jp/ec_rider/product_images/0000/0546/412263-02_01_1.jpg?1626136079,,3500.0,JANコード：4562410851673,商品コード：412263-02
90,https://petweb.jp/show?product_code=412263-04,プロフェム スキンケアリンス ３０００ｍｌ,https://petweb.jp/ec_rider/product_images/0003/6076/412263-04_01_1.jpg?1626136114,,18000.0,JANコード：4562410851697,商品コード：412263-04
91,https://petweb.jp/show?product_code=412264-02,プロフェム アルトリームトリートメント １０００ｍｌ,https://petweb.jp/ec_rider/product_images/0001/3136/412264-02_01_1.jpg?1626136093,,19800.0,JANコード：4562410851710,商品コード：412264-02
92,https://petweb.jp/show?product_code=412265-02,プロフェム エスチュアトリートメント １０００ｍｌ,https://petweb.jp/ec_rider/product_images/0001/3171/412265-02_01_1.jpg?1626136094,,19800.0,JANコード：4562410851734,商品コード：412265-02
93,https://petweb.jp/show?product_code=412266-02,プロフェム スーパーモイストトリートメント １０００ｍｌ,https://petweb.jp/ec_rider/product_images/0000/2391/412266-02_01_1.jpg?1626136082,,19800.0,JANコード：4562410851758,商品コード：412266-02
94,https://petweb.jp/show?product_code=479026-01,ＡＰＤＣティーツリーコンディショナー ２５０ｍｌ,https://petweb.jp/ec_rider/product_images/0001/4431/479026-01_01_1.jpg?1612650322,,1200.0,JANコード：4528636804190,商品コード：479026-01
95,https://petweb.jp/show?product_code=479026-02,ＡＰＤＣティーツリーコンディショナー ５００ｍｌ,https://petweb.jp/ec_rider/product_images/0003/9326/479026-02_01_1.jpg?1625115577,,2000.0,JANコード：4528636804206,商品コード：479026-02
96,https://petweb.jp/show?product_code=479026-03,ＡＰＤＣティーツリーコンディショナー 業務用５Ｌ,https://petweb.jp/ec_rider/product_images/0001/9851/479026-03_01_1.jpg?1612650635,,12000.0,JANコード：4528636804213,商品コード：479026-03
97,https://petweb.jp/show?product_code=479027-01,ＡＰＤＣボリュームアップコンディショナー ２５０ｍｌ,https://petweb.jp/ec_rider/product_images/0002/3286/479027-01_01_1.jpg?1625115572,,1200.0,JANコード：4528636804220,商品コード：479027-01
98,https://petweb.jp/show?product_code=479027-02,ＡＰＤＣボリュームアップコンディショナー ５００ｍｌ,https://petweb.jp/ec_rider/product_images/0004/0861/479027-02_01_1.jpg?1612651911,,2000.0,JANコード：4528636804237,商品コード：479027-02
99,https://petweb.jp/show?product_code=479027-03,ＡＰＤＣボリュームアップコンディショナー 業務用５Ｌ,https://petweb.jp/ec_rider/product_images/0002/5091/479027-03_01_1.jpg?1612650942,,12000.0,JANコード：4528636804244,商品コード：479027-03
100,https://petweb.jp/show?product_code=479030-01,ＡＰＤＣグルーミングスプレー １２５ｍｌ,https://petweb.jp/ec_rider/product_images/0001/5001/479030-01_01_1.jpg?1612650355,,1000.0,JANコード：4528636804282,商品コード：479030-01
101,https://petweb.jp/show?product_code=479304-01,猫用プロフェッショナル キューティーコンディショナー２５０ｍｌ,https://petweb.jp/ec_rider/product_images/0003/4736/479304-01_01_1.jpg?1612651532,,2200.0,JANコード：4528636806088,商品コード：479304-01
102,https://petweb.jp/show?product_code=483008-01,アリールアンドシーノンシリコントリートメント２５０ｍｌ,https://petweb.jp/ec_rider/product_images/0004/9536/483008-01_01_1.jpg?1612652431,,3200.0,JANコード：4571451681224,商品コード：483008-01
103,https://petweb.jp/show?product_code=483009-01,アリールアンドシーボリュームアップトリートメント２５０ｍｌ,https://petweb.jp/ec_rider/product_images/0002/6616/483009-01_01_1.jpg?1612651035,,3200.0,JANコード：4571451682320,商品コード：483009-01
104,https://petweb.jp/show?product_code=483010-01,アリールアンドシーナリッシングトリートメント２５０ｍｌ,https://petweb.jp/ec_rider/product_images/0002/2626/483010-01_01_1.jpg?1612650795,,3200.0,JANコード：4571451682429,商品コード：483010-01
105,https://petweb.jp/show?product_code=559102-01,ゾイック 薬用コンディショナー ３００ｍｌ,https://petweb.jp/ec_rider/product_images/0004/6171/559102-01_01_1.jpg?1612652227,,2300.0,JANコード：4989793923405,商品コード：559102-01
106,https://petweb.jp/show?product_code=559102-02,ゾイック 薬用コンディショナー ３０００ｍｌ,https://petweb.jp/ec_rider/product_images/0002/7871/559102-02_01_1.jpg?1612651111,,13000.0,JANコード：4989793923412,商品コード：559102-02
107,https://petweb.jp/show?product_code=559155-01,ゾイックＮ ショートリンス ３００ｍｌ,https://petweb.jp/ec_rider/product_images/0004/1646/559155-01_01_1.jpg?1612651959,,1800.0,JANコード：4989793350812,商品コード：559155-01
108,https://petweb.jp/show?product_code=559155-02,ゾイックＮ ショートリンス ４０００ｍｌ,https://petweb.jp/ec_rider/product_images/0002/7031/559155-02_01_1.jpg?1625189295,,8000.0,JANコード：4989793350829,商品コード：559155-02
109,https://petweb.jp/show?product_code=559156-01,ゾイックＮ ロングリンス ３００ｍｌ,https://petweb.jp/ec_rider/product_images/0001/1436/559156-01_01_1.jpg?1612650148,,1800.0,JANコード：4989793350867,商品コード：559156-01
110,https://petweb.jp/show?product_code=559156-02,ゾイックＮ ロングリンス ４０００ｍｌ,https://petweb.jp/ec_rider/product_images/0000/4351/559156-02_01_1.jpg?1625189282,,8000.0,JANコード：4989793350874,商品コード：559156-02
111,https://petweb.jp/show?product_code=559157-01,ゾイックＮ ホワイトニングリンス ３００ｍｌ,https://petweb.jp/ec_rider/product_images/0004/3691/559157-01_01_1.jpg?1612652079,,1800.0,JANコード：4989793350966,商品コード：559157-01
112,https://petweb.jp/show?product_code=559157-02,ゾイックＮ ホワイトニングリンス ４０００ｍｌ,https://petweb.jp/ec_rider/product_images/0002/5141/559157-02_01_1.jpg?1625189294,,8000.0,JANコード：4989793350973,商品コード：559157-02
113,https://petweb.jp/show?product_code=559158-01,ゾイックＮ パピドールリンス ３００ｍｌ,https://petweb.jp/ec_rider/product_images/0003/8246/559158-01_01_1.jpg?1612651749,,1800.0,JANコード：4989793350911,商品コード：559158-01
114,https://petweb.jp/show?product_code=559158-02,ゾイックＮ パピドールリンス ４０００ｍｌ,https://petweb.jp/ec_rider/product_images/0001/6811/559158-02_01_1.jpg?1625189291,,8000.0,JANコード：4989793350928,商品コード：559158-02
115,https://petweb.jp/show?product_code=559253-01,ゾイック スキモ リッチジェル １０００ｇ,https://petweb.jp/ec_rider/product_images/0003/6981/559253-01_01_1.jpg?1625189297,,5000.0,JANコード：4989793351291,商品コード：559253-01
116,https://petweb.jp/show?product_code=559254-01,ゾイック スキモ エモリエントマスク ふんわり １０００ｇ,https://petweb.jp/ec_rider/product_images/0002/8776/559254-01_01_1.jpg?1625189296,,4375.0,JANコード：4989793351307,商品コード：559254-01
117,https://petweb.jp/show?product_code=559254-02,ゾイック スキモ エモリエントマスク まとまり １０００ｇ,https://petweb.jp/ec_rider/product_images/0002/1256/559254-02_01_1.jpg?1625189294,,4375.0,JANコード：4989793351314,商品コード：559254-02
118,https://petweb.jp/show?product_code=559254-11,ゾイック スキモ エモリエントミスト ふんわり １５０ｍｌ,https://petweb.jp/ec_rider/product_images/0004/6056/559254-11_01_1.jpg?1612652220,https://petweb.jp/ec_rider/product_images/0004/6061/559254-11_02_0.jpg?1612652220,2300.0,JANコード：4989793351345,商品コード：559254-11
119,https://petweb.jp/show?product_code=559254-12,ゾイック スキモ エモリエントミスト まとまり １５０ｍｌ,https://petweb.jp/ec_rider/product_images/0003/4386/559254-12_01_1.jpg?1612651511,https://petweb.jp/ec_rider/product_images/0003/4391/559254-12_02_0.jpg?1612651511,2300.0,JANコード：4989793351352,商品コード：559254-12
120,https://petweb.jp/show?product_code=559452-02,ゾイック スピードマジック １０００ｍｌ,https://petweb.jp/ec_rider/product_images/0001/3451/559452-02_01_1.jpg?1625189290,,6800.0,JANコード：4989793350249,商品コード：559452-02
121,https://petweb.jp/show?product_code=559502-01,ゾイック カシミヤタッチ トリートメント １０００ｍｌ,https://petweb.jp/ec_rider/product_images/0005/5406/559502-01_01_1.jpg?1630628166,https://petweb.jp/ec_rider/product_images/0005/5411/559502-01_02_0.jpg?1630628168,7800.0,JANコード：4989793351390,商品コード：559502-01
122,https://petweb.jp/show?product_code=559712-01,ゾイック カットーエックス ４００ｍｌ,https://petweb.jp/ec_rider/product_images/0000/8951/559712-01_01_1.jpg?1612650001,,4167.0,JANコード：4989793351031,商品コード：559712-01
123,https://petweb.jp/show?product_code=559712-21,ゾイック ファーメイクイーエックス トリートメント エス １０００ｇ,https://petweb.jp/ec_rider/product_images/0003/2421/559712-21_01_1.jpg?1612651389,,5833.0,JANコード：4989793351062,商品コード：559712-21
124,https://petweb.jp/show?product_code=559712-22,ゾイック ファーメイクイーエックス トリートメント エー １０００ｍｌ,https://petweb.jp/ec_rider/product_images/0002/6621/559712-22_01_1.jpg?1612651036,,5833.0,JANコード：4989793351079,商品コード：559712-22
125,https://petweb.jp/show?product_code=559712-31,ゾイック ファーメイクイーエックス プロテクター エス ４００ｍｌ,https://petweb.jp/ec_rider/product_images/0004/3496/559712-31_01_1.jpg?1612652068,,3500.0,JANコード：4989793351086,商品コード：559712-31
126,https://petweb.jp/show?product_code=559712-41,ゾイック ファーメイクイーエックス エッセンス エー ４００ｍｌ,https://petweb.jp/ec_rider/product_images/0002/6861/559712-41_01_1.jpg?1612651050,,2500.0,JANコード：4989793351093,商品コード：559712-41
127,https://petweb.jp/show?product_code=559712-42,ゾイック ファーメイクイーエックス エッセンスモイスト エー ４００ｍｌ,https://petweb.jp/ec_rider/product_images/0002/1971/559712-42_01_1.jpg?1612650757,,2500.0,JANコード：4989793351109,商品コード：559712-42
128,https://petweb.jp/show?product_code=559304-02,ポゼス マーマルコンディショナー ３０００ｍｌ,https://petweb.jp/ec_rider/product_images/0003/3426/559304-02_01_1.jpg?1612651451,,11400.0,JANコード：4989793911921,商品コード：559304-02
129,https://petweb.jp/show?product_code=621014-01,サロンフォードッグス【ＳＡＬＯＮ ＦＯＲ ＤＯＧＳ】 ミネラルコンディショナー ３００ｍｌ,https://petweb.jp/ec_rider/product_images/0000/6921/621014-01_01_1.jpg?1612649879,https://petweb.jp/ec_rider/product_images/0000/6926/621014-01_02_0.jpg?1612649880,3200.0,JANコード：4573140461544,商品コード：621014-01
130,https://petweb.jp/show?product_code=412271-01,プロフェム クイックウォッシュ ５０ｍｌ,https://petweb.jp/ec_rider/product_images/0006/3306/412271-01_01_1.jpg?1649056359,https://petweb.jp/ec_rider/product_images/0006/3301/412271-01_02_0.jpg?1649056359,1320.0,JANコード：4562410852434,商品コード：412271-01
131,https://petweb.jp/show?product_code=412271-02,プロフェム クイックウォッシュ ２００ｍｌ,https://petweb.jp/ec_rider/product_images/0006/3291/412271-02_01_1.jpg?1649056358,https://petweb.jp/ec_rider/product_images/0006/3296/412271-02_02_0.jpg?1649056359,3000.0,JANコード：4562410852441,商品コード：412271-02
132,https://petweb.jp/show?product_code=479028-01,ＡＰＤＣウォータレスシャンプー ２００ｍｌ,https://petweb.jp/ec_rider/product_images/0003/6301/479028-01_01_1.jpg?1625115576,,1500.0,JANコード：4528636804251,商品コード：479028-01
133,https://petweb.jp/show?product_code=479028-51,ＡＰＤＣウォータレスシャンプー詰替え用 ５００ｍｌ,https://petweb.jp/ec_rider/product_images/0001/0831/479028-51_01_1.jpg?1625115567,,2000.0,JANコード：4528636804268,商品コード：479028-51
134,https://petweb.jp/show?product_code=479167-01,キャットフォーミングシャンプー ナチュラル,https://petweb.jp/ec_rider/product_images/0003/9111/479167-01_01_1.jpg?1625115577,,2000.0,JANコード：4528636805814,商品コード：479167-01
135,https://petweb.jp/show?product_code=479167-02,キャットフォーミングシャンプー エレガンス,https://petweb.jp/ec_rider/product_images/0003/2781/479167-02_01_1.jpg?1625115575,,2000.0,JANコード：4528636805937,商品コード：479167-02
136,https://petweb.jp/show?product_code=559355-01,ゾイック ドライシャンプー ２００ｍｌ,https://petweb.jp/ec_rider/product_images/0001/1296/559355-01_01_1.jpg?1625189289,,1700.0,JANコード：4989793350508,商品コード：559355-01
137,https://petweb.jp/show?product_code=578007-01,洗わないスプレーシャンプー 犬猫兼用,https://petweb.jp/ec_rider/product_images/0000/3821/578007-01_01_1.jpg?1612649700,https://petweb.jp/ec_rider/product_images/0000/3816/578007-01_02_0.jpg?1612649699,940.0,JANコード：4562347092613,商品コード：578007-01
138,https://petweb.jp/show?product_code=578007-02,洗わないスプレーシャンプー 犬猫兼用 詰替４００ｍｌ,https://petweb.jp/ec_rider/product_images/0003/0056/578007-02_01_1.jpg?1645421595,,780.0,JANコード：4562347092620,商品コード：578007-02
139,https://petweb.jp/show?product_code=578008-01,洗わないスプレーシャンプー 虫よけプラス 犬猫兼用,https://petweb.jp/ec_rider/product_images/0002/4301/578008-01_01_1.jpg?1612650895,,940.0,JANコード：4562347092712,商品コード：578008-01
140,https://petweb.jp/show?product_code=578008-02,洗わないスプレーシャンプー 虫除けプラス 犬猫兼用 詰替４００ｍｌ,https://petweb.jp/ec_rider/product_images/0001/2066/578008-02_01_1.jpg?1645421594,,780.0,JANコード：4562347092729,商品コード：578008-02
141,https://petweb.jp/show?product_code=582011-01,ＰＮ 水のいらないニャンコの泡シャン,https://petweb.jp/ec_rider/product_images/0001/1596/582011-01_01_1.jpg?1612650158,https://petweb.jp/ec_rider/product_images/0001/1601/582011-01_02_0.jpg?1612650158,1800.0,JANコード：4560415970375,商品コード：582011-01
142,https://petweb.jp/show?product_code=582017-01,ＰＮ 水のいらないワンコの泡シャン無香料２００ｍｌ,https://petweb.jp/ec_rider/product_images/0002/7146/582017-01_01_1.jpg?1612651067,https://petweb.jp/ec_rider/product_images/0002/7131/582017-01_02_0.jpg?1612651066,1600.0,JANコード：4560415970580,商品コード：582017-01
143,https://petweb.jp/show?product_code=582017-02,ＰＮ 水のいらないワンコの泡シャンフレッシュハーブ２００ｍｌ,https://petweb.jp/ec_rider/product_images/0001/9981/582017-02_01_1.jpg?1612650643,https://petweb.jp/ec_rider/product_images/0001/9966/582017-02_02_0.jpg?1612650642,1600.0,JANコード：4560415970597,商品コード：582017-02
144,https://petweb.jp/show?product_code=582018-01,ＰＮ 水のいらないシニアの泡シャン２００ｍｌ,https://petweb.jp/ec_rider/product_images/0000/1416/582018-01_01_1.jpg?1612649556,https://petweb.jp/ec_rider/product_images/0000/1411/582018-01_02_0.jpg?1612649556,1700.0,JANコード：4560415970603,商品コード：582018-01
145,https://petweb.jp/show?product_code=680004-01,コンフィダンテ ドッグミストシャンプー 無香料 ２５０ｍＬ,https://petweb.jp/ec_rider/product_images/0003/2436/680004-01_01_1.jpg?1612651391,https://petweb.jp/ec_rider/product_images/0003/2441/680004-01_02_0.jpg?1612651391,1200.0,JANコード：4573127111196,商品コード：680004-01
146,https://petweb.jp/show?product_code=680004-02,コンフィダンテ ドッグミストシャンプー ダマスクローズ ２５０ｍＬ,https://petweb.jp/ec_rider/product_images/0002/4806/680004-02_01_1.jpg?1612650925,https://petweb.jp/ec_rider/product_images/0002/4801/680004-02_02_0.jpg?1612650925,1200.0,JANコード：4573127111288,商品コード：680004-02
147,https://petweb.jp/show?product_code=680005-01,コンフィダンテ キャットミストシャンプー 無香料 ２５０ｍＬ,https://petweb.jp/ec_rider/product_images/0003/6221/680005-01_01_1.jpg?1612651624,https://petweb.jp/ec_rider/product_images/0003/6216/680005-01_02_0.jpg?1612651623,1200.0,JANコード：4573127111189,商品コード：680005-01
148,https://petweb.jp/show?product_code=275369-02,グルーミングタブ１００錠入り,https://petweb.jp/ec_rider/product_images/0005/2196/275369-02_01_1.jpg?1618968383,,8500.0,JANコード：4589529401490,商品コード：275369-02
149,https://petweb.jp/show?product_code=559457-01,ビジューファムフォードッグス 炭酸ミストスターターセット,https://petweb.jp/ec_rider/product_images/0004/3671/559457-01_01_1.jpg?1625189299,https://petweb.jp/ec_rider/product_images/0004/3661/559457-01_02_0.jpg?1612652078,39800.0,JANコード：4589801823002,商品コード：559457-01
150,https://petweb.jp/show?product_code=559458-01,ビジューファムフォードッグス エモリエントサイエッセンス Ｄ,https://petweb.jp/ec_rider/product_images/0004/9321/559458-01_01_1.jpg?1612652419,https://petweb.jp/ec_rider/product_images/0004/9311/559458-01_02_0.jpg?1612652418,4285.0,JANコード：4589801823019,商品コード：559458-01
151,https://petweb.jp/show?product_code=559458-02,ビジューファムフォードッグス 炭酸ガスカートリッジ（５本入）,https://petweb.jp/ec_rider/product_images/0000/3341/559458-02_01_1.jpg?1625189280,https://petweb.jp/ec_rider/product_images/0000/3336/559458-02_02_0.jpg?1612649672,7500.0,JANコード：4589801822036,商品コード：559458-02
152,https://petweb.jp/show?product_code=559709-01,炭酸泉ＥＸ （２４包入）,https://petweb.jp/ec_rider/product_images/0003/0686/559709-01_01_1.jpg?1619655958,https://petweb.jp/ec_rider/product_images/0003/0691/559709-01_02_0.jpg?1619655959,7440.0,JANコード：4974172157755,商品コード：559709-01
153,https://petweb.jp/show?product_code=612001-01,ビューティ＆ヘルスハーブパック１５０ｇ,https://petweb.jp/ec_rider/product_images/0003/7836/612001-01_01_1.jpg?1643786632,https://petweb.jp/ec_rider/product_images/0003/7841/612001-01_02_0.jpg?1612651724,3800.0,JANコード：4582213867022,商品コード：612001-01
154,https://petweb.jp/show?product_code=612001-02,ビューティ＆ヘルスハーブパック１Ｋｇ,https://petweb.jp/ec_rider/product_images/0001/9466/612001-02_01_1.jpg?1612650613,https://petweb.jp/ec_rider/product_images/0001/9461/612001-02_02_0.jpg?1612650613,20000.0,JANコード：4582213867039,商品コード：612001-02
155,https://petweb.jp/show?product_code=612001-11,ドクターズヘルスハーブパック１㎏（業務用）,https://petweb.jp/ec_rider/product_images/0004/3956/612001-11_01_1.jpg?1612652094,https://petweb.jp/ec_rider/product_images/0004/3961/612001-11_02_0.jpg?1612652094,20000.0,JANコード：4582213867114,商品コード：612001-11
156,https://petweb.jp/show?product_code=612001-12,ドクターズヘルスハーブパック１５０ｇ（業務用）,https://petweb.jp/ec_rider/product_images/0004/3551/612001-12_01_1.jpg?1643786633,https://petweb.jp/ec_rider/product_images/0004/3546/612001-12_02_0.jpg?1612652071,3800.0,JANコード：4582213867107,商品コード：612001-12
157,https://petweb.jp/show?product_code=612001-21,モイスチャーヘルスハーブパック１㎏,https://petweb.jp/ec_rider/product_images/0000/2011/612001-21_01_1.jpg?1612649592,https://petweb.jp/ec_rider/product_images/0000/2016/612001-21_02_0.jpg?1612649593,23000.0,JANコード：4582213867190,商品コード：612001-21
158,https://petweb.jp/show?product_code=612001-22,モイスチャーヘルスハーブパック１５０ｇ,https://petweb.jp/ec_rider/product_images/0004/9066/612001-22_01_1.jpg?1643786633,https://petweb.jp/ec_rider/product_images/0004/9061/612001-22_02_0.jpg?1612652402,4200.0,JANコード：4582213867220,商品コード：612001-22
159,https://petweb.jp/show?product_code=612002-01,ビューティオイル２０㏄,https://petweb.jp/ec_rider/product_images/0001/4926/612002-01_01_1.jpg?1612650351,,1700.0,JANコード：4582213867077,商品コード：612002-01
160,https://petweb.jp/show?product_code=612002-02,ビューティオイル１００㏄,https://petweb.jp/ec_rider/product_images/0001/9921/612002-02_01_1.jpg?1612650639,,3500.0,JANコード：4582213867084,商品コード：612002-02
161,https://petweb.jp/show?product_code=612002-03,ビューティオイル５００㏄,https://petweb.jp/ec_rider/product_images/0003/3196/612002-03_01_1.jpg?1612651438,,14000.0,JANコード：4582213867169,商品コード：612002-03
162,https://petweb.jp/show?product_code=612003-01,ドクターズスキンバター１０㏄（業務用）,https://petweb.jp/ec_rider/product_images/0002/8036/612003-01_01_1.jpg?1612651121,,1800.0,JANコード：4582213867183,商品コード：612003-01
163,https://petweb.jp/show?product_code=612003-02,ドクターズスキンバター２０㏄（業務用）,https://petweb.jp/ec_rider/product_images/0000/8626/612003-02_01_1.jpg?1612649981,,3500.0,JANコード：4582213867060,商品コード：612003-02
164,https://petweb.jp/show?product_code=612003-03,ドクターズスキンバター１００㏄（業務用）,https://petweb.jp/ec_rider/product_images/0002/4376/612003-03_01_1.jpg?1612650899,,14000.0,JANコード：4582213867176,商品コード：612003-03
165,https://petweb.jp/show?product_code=612004-01,ビューティ＆ヘルスハーブパックお試しキット一回分（ビューティオイル付）,https://petweb.jp/ec_rider/product_images/0002/3841/612004-01_01_1.jpg?1643786631,https://petweb.jp/ec_rider/product_images/0002/3836/612004-01_02_0.jpg?1643761946,1648.0,JANコード：4582213867145,商品コード：612004-01
166,https://petweb.jp/show?product_code=612004-02,ドクターズヘルスハーブパックお試しキット一回分（ビューティオイル付）（業務用）,https://petweb.jp/ec_rider/product_images/0000/0701/612004-02_01_1.jpg?1643786629,https://petweb.jp/ec_rider/product_images/0000/0711/612004-02_02_0.jpg?1643761944,1648.0,JANコード：4582213867206,商品コード：612004-02
167,https://petweb.jp/show?product_code=612004-03,モイスチャーヘルスハーブパックお試しキットモイスチャー（一回分）,https://petweb.jp/ec_rider/product_images/0000/3386/612004-03_01_1.jpg?1643786630,https://petweb.jp/ec_rider/product_images/0000/3381/612004-03_02_0.jpg?1643761945,1800.0,JANコード：4582213867213,商品コード：612004-03
168,https://petweb.jp/show?product_code=412267-02,プロフェム フリーミスト １５０ｍｌ,https://petweb.jp/ec_rider/product_images/0001/6781/412267-02_01_1.jpg?1626136098,,2500.0,JANコード：4562410851772,商品コード：412267-02
169,https://petweb.jp/show?product_code=412267-03,プロフェム フリーミスト １０００ｍｌ,https://petweb.jp/ec_rider/product_images/0003/6986/412267-03_01_1.jpg?1626136115,,7500.0,JANコード：4562410851789,商品コード：412267-03
170,https://petweb.jp/show?product_code=412268-02,プロフェム エアリーミスト １５０ｍｌ,https://petweb.jp/ec_rider/product_images/0000/7571/412268-02_01_1.jpg?1626136088,,2800.0,JANコード：4562410851802,商品コード：412268-02
171,https://petweb.jp/show?product_code=412268-03,プロフェム エアリーミスト １０００ｍｌ,https://petweb.jp/ec_rider/product_images/0004/8046/412268-03_01_1.jpg?1626136119,,8000.0,JANコード：4562410851819,商品コード：412268-03
172,https://petweb.jp/show?product_code=559208-01,ゾイック ファーメイクフレグランス フルーティフローラル ３７ｍｌ,https://petweb.jp/ec_rider/product_images/0001/1811/559208-01_01_1.jpg?1612650171,,2500.0,JANコード：4989793350218,商品コード：559208-01
173,https://petweb.jp/show?product_code=559208-11,ゾイック ファーメイクフレグランス ウッディフローラル ３７ｍｌ,https://petweb.jp/ec_rider/product_images/0002/4776/559208-11_01_1.jpg?1612650923,,2500.0,JANコード：4989793350225,商品コード：559208-11
174,https://petweb.jp/show?product_code=559356-01,ゾイック ブラッシュアップ ２８５ｍｌ,https://petweb.jp/ec_rider/product_images/0004/5741/559356-01_01_1.jpg?1612652201,,2300.0,JANコード：4989793445716,商品コード：559356-01
175,https://petweb.jp/show?product_code=559455-01,ゾイック ダイックスＮ フレッシュピンク,https://petweb.jp/ec_rider/product_images/0001/8496/559455-01_01_1.jpg?1612650558,,2400.0,JANコード：4989793926468,商品コード：559455-01
176,https://petweb.jp/show?product_code=559455-02,ゾイック ダイックスＮ ライトグリーン,https://petweb.jp/ec_rider/product_images/0004/0136/559455-02_01_1.jpg?1612651867,,2400.0,JANコード：4989793926475,商品コード：559455-02
177,https://petweb.jp/show?product_code=559455-03,ゾイック ダイックスＮ オレンジ,https://petweb.jp/ec_rider/product_images/0003/6591/559455-03_01_1.jpg?1612651645,,2400.0,JANコード：4989793926482,商品コード：559455-03
178,https://petweb.jp/show?product_code=559455-04,ゾイック ダイックスＮ マリンブルー,https://petweb.jp/ec_rider/product_images/0003/5161/559455-04_01_1.jpg?1612651559,,2400.0,JANコード：4989793926499,商品コード：559455-04
179,https://petweb.jp/show?product_code=559455-05,ゾイック ダイックスＮ レモンイエロー,https://petweb.jp/ec_rider/product_images/0000/1476/559455-05_01_1.jpg?1612649560,,2400.0,JANコード：4989793926505,商品コード：559455-05
180,https://petweb.jp/show?product_code=559455-06,ゾイック ダイックスＮ ナチュラルレッド,https://petweb.jp/ec_rider/product_images/0001/4651/559455-06_01_1.jpg?1612650335,,2400.0,JANコード：4989793926512,商品コード：559455-06
181,https://petweb.jp/show?product_code=559455-07,ゾイック ダイックスＮ バイオレット,https://petweb.jp/ec_rider/product_images/0002/9906/559455-07_01_1.jpg?1612651235,,2400.0,JANコード：4989793926529,商品コード：559455-07
182,https://petweb.jp/show?product_code=559455-08,ゾイック ダイックスＮ チェリーピンク,https://petweb.jp/ec_rider/product_images/0004/0156/559455-08_01_1.jpg?1612651868,,2400.0,JANコード：4989793926536,商品コード：559455-08
183,https://petweb.jp/show?product_code=559455-09,ゾイック ダイックスＮ ディープバイオレット,https://petweb.jp/ec_rider/product_images/0001/7451/559455-09_01_1.jpg?1612650497,,2400.0,JANコード：4989793926543,商品コード：559455-09
184,https://petweb.jp/show?product_code=559455-10,ゾイック ダイックスＮ ミントグリーン,https://petweb.jp/ec_rider/product_images/0003/3926/559455-10_01_1.jpg?1612651482,,2400.0,JANコード：4989793926550,商品コード：559455-10
185,https://petweb.jp/show?product_code=559455-11,ゾイック ダイックスＮ オレンジブラウン,https://petweb.jp/ec_rider/product_images/0002/4106/559455-11_01_1.jpg?1612650882,,2400.0,JANコード：4989793350133,商品コード：559455-11
186,https://petweb.jp/show?product_code=559455-12,ゾイック ダイックスＮ ライトブラウン,https://petweb.jp/ec_rider/product_images/0001/3606/559455-12_01_1.jpg?1612650274,,2400.0,JANコード：4989793350140,商品コード：559455-12
187,https://petweb.jp/show?product_code=559455-13,ゾイック ダイックスＮ ブラック,https://petweb.jp/ec_rider/product_images/0000/1866/559455-13_01_1.jpg?1612649583,,2400.0,JANコード：4989793350553,商品コード：559455-13
188,https://petweb.jp/show?product_code=559455-51,ゾイック ダイックスＮ クリア,https://petweb.jp/ec_rider/product_images/0002/5586/559455-51_01_1.jpg?1612650972,,2400.0,JANコード：4989793350157,商品コード：559455-51
189,https://petweb.jp/show?product_code=559456-01,ゾイックコロン エナジーポム ２７ｍｌ,https://petweb.jp/ec_rider/product_images/0002/4766/559456-01_01_1.jpg?1612650923,https://petweb.jp/ec_rider/product_images/0002/4771/559456-01_02_0.jpg?1612650923,2000.0,JANコード：4989793351208,商品コード：559456-01
190,https://petweb.jp/show?product_code=559456-02,ゾイックコロン アロマティックフルール ２７ｍｌ,https://petweb.jp/ec_rider/product_images/0003/2756/559456-02_01_1.jpg?1612651411,https://petweb.jp/ec_rider/product_images/0003/2746/559456-02_02_0.jpg?1612651410,2000.0,JANコード：4989793351215,商品コード：559456-02
191,https://petweb.jp/show?product_code=559456-03,ゾイックコロン リラックスサボン ２７ｍｌ,https://petweb.jp/ec_rider/product_images/0002/9776/559456-03_01_1.jpg?1612651226,https://petweb.jp/ec_rider/product_images/0002/9766/559456-03_02_0.jpg?1612651226,2000.0,JANコード：4989793351222,商品コード：559456-03
192,https://petweb.jp/show?product_code=559456-04,ゾイックコロン シャイニーペシュ ２７ｍｌ,https://petweb.jp/ec_rider/product_images/0001/4036/559456-04_01_1.jpg?1612650299,https://petweb.jp/ec_rider/product_images/0001/4041/559456-04_02_0.jpg?1612650299,2000.0,JANコード：4989793351239,商品コード：559456-04
193,https://petweb.jp/show?product_code=559456-05,ゾイックコロン バウンシーカシス ２７ｍｌ,https://petweb.jp/ec_rider/product_images/0002/4921/559456-05_01_1.jpg?1612650932,https://petweb.jp/ec_rider/product_images/0002/4916/559456-05_02_0.jpg?1612650931,2000.0,JANコード：4989793351246,商品コード：559456-05
194,https://petweb.jp/show?product_code=559456-06,ゾイックコロン フィーリングプラント ２７ｍｌ,https://petweb.jp/ec_rider/product_images/0004/6486/559456-06_01_1.jpg?1612652246,https://petweb.jp/ec_rider/product_images/0004/6476/559456-06_02_0.jpg?1612652246,2000.0,JANコード：4989793351253,商品コード：559456-06
195,https://petweb.jp/show?product_code=559503-01,ゾイック カシミヤタッチ エッセンス ４００ｍｌ,https://petweb.jp/ec_rider/product_images/0005/5421/559503-01_01_1.jpg?1630628169,https://petweb.jp/ec_rider/product_images/0005/5426/559503-01_02_0.jpg?1630628170,3400.0,JANコード：4989793351406,商品コード：559503-01
196,https://petweb.jp/show?product_code=559702-01,ゾイック １０００ ホルダー,https://petweb.jp/ec_rider/product_images/0001/4511/559702-01_01_1.jpg?1612650327,,1125.0,JANコード：4989793350270,商品コード：559702-01
197,https://petweb.jp/show?product_code=582009-12,PN Multi-care フレッシュハーブ 200ml,https://petweb.jp/ec_rider/product_images/0001/5621/582009-12_01_1.jpg?1612650392,,2250.0,JANコード：4560415970252,商品コード：582009-12
198,https://petweb.jp/show?product_code=582013-02,ＰＮ バグオフスプレーフローラルモイスト,https://petweb.jp/ec_rider/product_images/0000/2491/582013-02_01_1.jpg?1612649620,,1800.0,JANコード：4560415970504,商品コード：582013-02
199,https://petweb.jp/show?product_code=648005-03,マジックミスト,https://petweb.jp/ec_rider/product_images/0004/9151/648005-03_01_1.jpg?1612652408,https://petweb.jp/ec_rider/product_images/0004/9146/648005-03_02_0.jpg?1612652408,3300.0,JANコード：4562423930051,商品コード：648005-03
200,https://petweb.jp/show?product_code=097316-01,自然のケアクリーム５０ｇ,https://petweb.jp/ec_rider/product_images/0003/9901/097316-01_01_1.jpg?1624582197,https://petweb.jp/ec_rider/product_images/0003/9906/097316-01_02_0.jpg?1624582413,2800.0,JANコード：4537456016041,商品コード：097316-01
201,https://petweb.jp/show?product_code=294577-01,らくらくシャンプータオル スイートフローラルの香り２５枚 ＣＳ−４１,https://petweb.jp/ec_rider/product_images/0001/3406/294577-01_01_1.jpg?1625113329,,300.0,JANコード：4973640414697,商品コード：294577-01
202,https://petweb.jp/show?product_code=294577-02,らくらくシャンプータオル フレッシュフローラルの香り２５枚 ＣＳ−４２,https://petweb.jp/ec_rider/product_images/0000/2226/294577-02_01_1.jpg?1625113319,,300.0,JANコード：4973640414703,商品コード：294577-02
203,https://petweb.jp/show?product_code=294663-01,らくらく純水９９．５％ボディタオル ２５枚 ＣＳ−４３,https://petweb.jp/ec_rider/product_images/0000/9016/294663-01_01_1.jpg?1625113325,,300.0,JANコード：4973640414772,商品コード：294663-01
204,https://petweb.jp/show?product_code=350093-01,パナズーパウケアクリーム６０ｇ,https://petweb.jp/ec_rider/product_images/0003/4476/350093-01_01_1.jpg?1612651516,https://petweb.jp/ec_rider/product_images/0003/4471/350093-01_02_0.jpg?1612651516,2400.0,JANコード：4582173570031,商品コード：350093-01
205,https://petweb.jp/show?product_code=479033-01,ＡＰＤＣポウ＆エルボウローション １２５ｍｌ,https://petweb.jp/ec_rider/product_images/0002/4661/479033-01_01_1.jpg?1625115573,,1600.0,JANコード：4528636804343,商品コード：479033-01
206,https://petweb.jp/show?product_code=479508-01,トリーティブルズ オーガニック ヘンプオイル９０ｍｇＣＢＤ３０ｍｌ,https://petweb.jp/ec_rider/product_images/0003/8081/479508-01_01_1.jpg?1625126104,https://petweb.jp/ec_rider/product_images/0003/8076/479508-01_02_0.jpg?1625126102,4800.0,JANコード：4528636806774,商品コード：479508-01
207,https://petweb.jp/show?product_code=479508-02,トリーティブルズ オーガニック ヘンプオイル２５０ｍｇＣＢＤ３０ｍｌ,https://petweb.jp/ec_rider/product_images/0000/0536/479508-02_01_1.jpg?1625126090,https://petweb.jp/ec_rider/product_images/0000/0531/479508-02_02_0.jpg?1625126089,7200.0,JANコード：4528636806781,商品コード：479508-02
208,https://petweb.jp/show?product_code=479509-01,トリーティブルズオーガニック ヘンプクリーム２４０ｍｇＣＢＤ１１３ｇ,https://petweb.jp/ec_rider/product_images/0005/0711/479509-01_01_1.jpg?1625126109,,8600.0,JANコード：4528636806736,商品コード：479509-01
209,https://petweb.jp/show?product_code=479509-02,トリーティブルズ オーガニック ヘンプクリーム６０ｍｇＣＢＤ２８ｇ,https://petweb.jp/ec_rider/product_images/0005/0716/479509-02_01_1.jpg?1625126101,,3600.0,JANコード：4528636806743,商品コード：479509-02
210,https://petweb.jp/show?product_code=483011-01,アリールアンドシー肉球ケアジェルクリーム小型犬用,https://petweb.jp/ec_rider/product_images/0003/0571/483011-01_01_1.jpg?1612651276,,2000.0,JANコード：4571451683518,商品コード：483011-01
211,https://petweb.jp/show?product_code=578055-13,保湿スティック犬用,https://petweb.jp/ec_rider/product_images/0004/3681/578055-13_01_1.jpg?1612652079,,980.0,JANコード：4562347092088,商品コード：578055-13
212,https://petweb.jp/show?product_code=050032-01,サトウ イヤーローション １４０ｍｌ,https://petweb.jp/ec_rider/product_images/0003/3241/050032-01_01_1.jpg?1625448152,https://petweb.jp/ec_rider/product_images/0005/4186/050032-01_02_0.jpg?1625448153,1200.0,JANコード：4987316095622,商品コード：050032-01
213,https://petweb.jp/show?product_code=097867-01,バイオイヤークリーナー１００ｍｌ,https://petweb.jp/ec_rider/product_images/0004/6301/097867-01_01_1.jpg?1612652235,https://petweb.jp/ec_rider/product_images/0004/6306/097867-01_02_0.jpg?1612652236,1800.0,JANコード：4537456824523,商品コード：097867-01
214,https://petweb.jp/show?product_code=141261-01,ボーシェブ イヤークリーナー,https://petweb.jp/ec_rider/product_images/0001/3846/141261-01_01_1.jpg?1642552088,https://petweb.jp/ec_rider/product_images/0005/2181/141261-01_02_0.jpg?1642552088,2500.0,JANコード：4512063150111,商品コード：141261-01
215,https://petweb.jp/show?product_code=141264-01,ボーシェブ グルーミングシート,https://petweb.jp/ec_rider/product_images/0005/2166/141264-01_01_1.jpg?1618964412,,1200.0,JANコード：4512063150135,商品コード：141264-01
216,https://petweb.jp/show?product_code=294456-02,らくらく耳そうじシート プレミアム ３０枚 ＣＳ−０２,https://petweb.jp/ec_rider/product_images/0003/2926/294456-02_01_1.jpg?1625113335,,390.0,JANコード：4973640002665,商品コード：294456-02
217,https://petweb.jp/show?product_code=294517-01,らくらく涙やけケアシート プレミアム ３０枚 ＣＳ−０３,https://petweb.jp/ec_rider/product_images/0003/2776/294517-01_01_1.jpg?1625113335,,390.0,JANコード：4973640002672,商品コード：294517-01
218,https://petweb.jp/show?product_code=364001-21,ノルバサンオチック１１８ｍｌ,https://petweb.jp/ec_rider/product_images/0000/4651/364001-21_01_1.jpg?1612649746,https://petweb.jp/ec_rider/product_images/0000/4646/364001-21_02_0.jpg?1612649745,2834.0,JANコード：4571144450045,商品コード：364001-21
219,https://petweb.jp/show?product_code=364001-22,ノルバサンオチック４７３ｍｌ,https://petweb.jp/ec_rider/product_images/0002/5751/364001-22_01_1.jpg?1612650982,https://petweb.jp/ec_rider/product_images/0002/5756/364001-22_02_0.jpg?1612650983,7962.0,JANコード：4571144450038,商品コード：364001-22
220,https://petweb.jp/show?product_code=412618-02,ハグパップ イヤーフレッシュ １５０ｍｌ,https://petweb.jp/ec_rider/product_images/0004/7231/412618-02_01_1.jpg?1612652291,https://petweb.jp/ec_rider/product_images/0004/7236/412618-02_02_0.jpg?1612652291,2500.0,JANコード：4525705923455,商品コード：412618-02
221,https://petweb.jp/show?product_code=429033-01,オプティクリアＥＸ １５０ｍｌ,https://petweb.jp/ec_rider/product_images/0001/2611/429033-01_01_1.jpg?1638507738,https://petweb.jp/ec_rider/product_images/0005/9126/429033-01_02_0.jpg?1638507738,2500.0,JANコード：4949880331070,商品コード：429033-01
222,https://petweb.jp/show?product_code=479031-01,ＡＰＤＣモイスチャーミスト １２５ｍｌ,https://petweb.jp/ec_rider/product_images/0000/4366/479031-01_01_1.jpg?1612649730,,1000.0,JANコード：4528636804312,商品コード：479031-01
223,https://petweb.jp/show?product_code=479110-01,ＡＰＤＣクリア イヤークリーンウォーター １００ｍｌ,https://petweb.jp/ec_rider/product_images/0001/7776/479110-01_01_1.jpg?1625115569,,1600.0,JANコード：4528636804947,商品コード：479110-01
224,https://petweb.jp/show?product_code=479110-02,ＡＰＤＣクリア イヤークリーンウォーター ２５０ｍｌ,https://petweb.jp/ec_rider/product_images/0002/1181/479110-02_01_1.jpg?1625115571,,2800.0,JANコード：4528636804954,商品コード：479110-02
225,https://petweb.jp/show?product_code=479110-03,ＡＰＤＣクリア イヤークリーンウォーター １Ｌ,https://petweb.jp/ec_rider/product_images/0004/2651/479110-03_01_1.jpg?1625115579,,7800.0,JANコード：4528636804961,商品コード：479110-03
226,https://petweb.jp/show?product_code=479159-01,ＡＰＤＣクリア アイクリーンウォーター ５０ｍｌ,https://petweb.jp/ec_rider/product_images/0002/5701/479159-01_01_1.jpg?1612650979,https://petweb.jp/ec_rider/product_images/0002/5696/479159-01_02_0.jpg?1612650979,1500.0,JANコード：4528636804978,商品コード：479159-01
227,https://petweb.jp/show?product_code=479301-01,猫用プロフェッショナル キレイウォーター ナチュラル ３００ｍｌ,https://petweb.jp/ec_rider/product_images/0002/2051/479301-01_01_1.jpg?1612650762,,1600.0,JANコード：4528636805968,商品コード：479301-01
228,https://petweb.jp/show?product_code=483021-01,アリールアンドシーナチュラルエイジングケア アンチイッチローションＲ５１,https://petweb.jp/ec_rider/product_images/0002/8521/483021-01_01_1.jpg?1612651150,,2400.0,JANコード：4571451685116,商品コード：483021-01
229,https://petweb.jp/show?product_code=578001-01,ナチュラル重曹クリーナー（犬用）,https://petweb.jp/ec_rider/product_images/0002/3631/578001-01_01_1.jpg?1612650854,,760.0,JANコード：4562347092019,商品コード：578001-01
230,https://petweb.jp/show?product_code=578001-51,ナチュラル重曹クリーナー（犬用）詰替用,https://petweb.jp/ec_rider/product_images/0004/5706/578001-51_01_1.jpg?1625020466,,620.0,JANコード：4562347092026,商品コード：578001-51
231,https://petweb.jp/show?product_code=578002-01,ナチュラル重曹クリーナー（猫用）,https://petweb.jp/ec_rider/product_images/0003/8991/578002-01_01_1.jpg?1612651795,,760.0,JANコード：4562347092118,商品コード：578002-01
232,https://petweb.jp/show?product_code=578002-51,ナチュラル重曹クリーナー（猫用）詰替用,https://petweb.jp/ec_rider/product_images/0002/8416/578002-51_01_1.jpg?1625020464,,620.0,JANコード：4562347092125,商品コード：578002-51
233,https://petweb.jp/show?product_code=635009-01,ビーミーニー 犬用スキンケアスプレー,https://petweb.jp/ec_rider/product_images/0005/5486/635009-01_01_1.jpg?1630644728,,1600.0,JANコード：4573178102204,商品コード：635009-01
234,https://petweb.jp/show?product_code=635009-11,ビーミーニー 犬用スキンケアスプレー 詰替,https://petweb.jp/ec_rider/product_images/0005/5511/635009-11_01_1.jpg?1630644730,,1500.0,JANコード：4573178102211,商品コード：635009-11
235,https://petweb.jp/show?product_code=692061-01,Ｈａｋｋａ Ｃａｒｅ アウトドアスプレー １５０ｍｌ,https://petweb.jp/ec_rider/product_images/0005/3851/692061-01_01_1.jpg?1622006074,,2000.0,JANコード：4580653120127,商品コード：692061-01
236,https://petweb.jp/show?product_code=697001-01,鼻ぺちゃさんのデリケートゾーン,https://petweb.jp/ec_rider/product_images/0005/3996/697001-01_01_1.jpg?1623403488,https://petweb.jp/ec_rider/product_images/0005/3991/697001-01_02_0.jpg?1623403488,818.0,JANコード：4571561340059,商品コード：697001-01
237,https://petweb.jp/show?product_code=031870-01,アロエ＆カモミール イヤークリーナー ２５０ｍｌ,https://petweb.jp/ec_rider/product_images/0004/6861/031870-01_01_1.jpg?1612652269,https://petweb.jp/ec_rider/product_images/0004/6856/031870-01_02_0.jpg?1612652268,2000.0,JANコード：4936479032715,商品コード：031870-01
238,https://petweb.jp/show?product_code=231055-01,アロエ＆カモミール ハッピーフェイス １２５ｍｌ,https://petweb.jp/ec_rider/product_images/0002/2431/231055-01_01_1.jpg?1625556623,,1300.0,JANコード：4936479032838,商品コード：231055-01
239,https://petweb.jp/show?product_code=275168-01,マウスクリーナー ２３７ｍｌ,https://petweb.jp/ec_rider/product_images/0004/1481/275168-01_01_1.jpg?1641518461,https://petweb.jp/ec_rider/product_images/0004/1471/275168-01_02_0.jpg?1655439915,2900.0,JANコード：184877000018,商品コード：275168-01
240,https://petweb.jp/show?product_code=275168-02,マウスクリーナー ４７３ｍｌ,https://petweb.jp/ec_rider/product_images/0001/4776/275168-02_01_1.jpg?1641518480,https://petweb.jp/ec_rider/product_images/0001/4781/275168-02_02_0.jpg?1655439902,5200.0,JANコード：184877000025,商品コード：275168-02
241,https://petweb.jp/show?product_code=275168-07,マウスクリーナー １１８ｍｌ,https://petweb.jp/ec_rider/product_images/0004/4496/275168-07_01_1.jpg?1612652126,https://petweb.jp/ec_rider/product_images/0006/5406/275168-07_02_0.jpg?1655439916,1900.0,JANコード：4525705020543,商品コード：275168-07
242,https://petweb.jp/show?product_code=275231-01,ミントプラス マウスクリーナー １１８ｍｌ（スプレータイプ）,https://petweb.jp/ec_rider/product_images/0001/5486/275231-01_01_1.jpg?1641518527,https://petweb.jp/ec_rider/product_images/0001/5491/275231-01_02_0.jpg?1655439908,2200.0,JANコード：184877000179,商品コード：275231-01
243,https://petweb.jp/show?product_code=275312-01,オクチブラシ 2枚入,https://petweb.jp/ec_rider/product_images/0004/3836/275312-01_01_1.jpg?1625448156,https://petweb.jp/ec_rider/product_images/0004/3841/275312-01_02_0.jpg?1625448329,740.0,JANコード：4525705019318,商品コード：275312-01
244,https://petweb.jp/show?product_code=275320-01,マウスクリーナー バニラミント ２３７ｍｌ,https://petweb.jp/ec_rider/product_images/0002/9171/275320-01_01_1.jpg?1641518698,https://petweb.jp/ec_rider/product_images/0002/9176/275320-01_02_0.jpg?1655439914,3200.0,JANコード：184877000407,商品コード：275320-01
245,https://petweb.jp/show?product_code=275320-02,マウスクリーナー バニラミント ４７３ｍｌ,https://petweb.jp/ec_rider/product_images/0002/2506/275320-02_01_1.jpg?1641518708,https://petweb.jp/ec_rider/product_images/0002/2511/275320-02_02_0.jpg?1655439910,5600.0,JANコード：184877000414,商品コード：275320-02
246,https://petweb.jp/show?product_code=275353-02,キャットマウスクリーナー ２３７ｍｌ,https://petweb.jp/ec_rider/product_images/0004/0906/275353-02_01_1.jpg?1612651913,https://petweb.jp/ec_rider/product_images/0006/5401/275353-02_02_0.jpg?1655439915,2900.0,JANコード：4525705020048,商品コード：275353-02
247,https://petweb.jp/show?product_code=275353-03,キャットマウスクリーナー １１８ｍｌ,https://petweb.jp/ec_rider/product_images/0002/6016/275353-03_01_1.jpg?1612650998,https://petweb.jp/ec_rider/product_images/0006/5396/275353-03_02_0.jpg?1655439912,1900.0,JANコード：4525705020550,商品コード：275353-03
248,https://petweb.jp/show?product_code=275353-12,キャットマウスクリーナー バニラミント ２３７ｍｌ,https://petweb.jp/ec_rider/product_images/0002/4541/275353-12_01_1.jpg?1612650909,https://petweb.jp/ec_rider/product_images/0006/5391/275353-12_02_0.jpg?1655439910,3200.0,JANコード：4525705020055,商品コード：275353-12
249,https://petweb.jp/show?product_code=275322-02,マウスクリーナー ジェルミー １１８ｍｌ,https://petweb.jp/ec_rider/product_images/0006/1651/275322-02_01_1.jpg?1644971650,,2300.0,JANコード：4525705020710,商品コード：275322-02
250,https://petweb.jp/show?product_code=275363-01,マウスクリーナーゼロ １１８ｍｌ,https://petweb.jp/ec_rider/product_images/0005/3981/275363-01_01_1.jpg?1623400003,,1900.0,JANコード：4525705020192,商品コード：275363-01
251,https://petweb.jp/show?product_code=275363-03,マウスクリーナーゼロ ２３７ｍｌ,https://petweb.jp/ec_rider/product_images/0005/3971/275363-03_01_1.jpg?1623400002,,3200.0,JANコード：4525705020260,商品コード：275363-03
252,https://petweb.jp/show?product_code=275363-02,マウスクリーナーゼロ ４７３ｍｌ,https://petweb.jp/ec_rider/product_images/0005/3976/275363-02_01_1.jpg?1623400002,,5600.0,JANコード：4525705020208,商品コード：275363-02
253,https://petweb.jp/show?product_code=275371-02,ぴたポイ３０枚入,https://petweb.jp/ec_rider/product_images/0005/7021/275371-02_01_1.jpg?1637196366,,600.0,JANコード：4525705020703,商品コード：275371-02
254,https://petweb.jp/show?product_code=294456-01,らくらく歯みがきシート プレミアム ３０枚 ＣＳ−０１,https://petweb.jp/ec_rider/product_images/0003/2401/294456-01_01_1.jpg?1625113334,,390.0,JANコード：4973640002658,商品コード：294456-01
255,https://petweb.jp/show?product_code=294574-31,らくらく歯みがきフィンガータイプ ＣＳ−３７,https://petweb.jp/ec_rider/product_images/0001/2101/294574-31_01_1.jpg?1625113327,,390.0,JANコード：4973640414680,商品コード：294574-31
256,https://petweb.jp/show?product_code=424001-01,犬口ケアピック＆ピック,https://petweb.jp/ec_rider/product_images/0001/4996/424001-01_01_1.jpg?1625713820,https://petweb.jp/ec_rider/product_images/0001/4986/424001-01_02_0.jpg?1612650355,1200.0,JANコード：4947651901002,商品コード：424001-01
257,https://petweb.jp/show?product_code=424002-01,犬口ケアティースブラシ,https://petweb.jp/ec_rider/product_images/0002/5351/424002-01_01_1.jpg?1625713823,https://petweb.jp/ec_rider/product_images/0002/5356/424002-01_02_0.jpg?1612650958,560.0,JANコード：4947651902009,商品コード：424002-01
258,https://petweb.jp/show?product_code=424006-01,犬口ケア歯ブラシスモールヘッド,https://petweb.jp/ec_rider/product_images/0000/0916/424006-01_01_1.jpg?1625713817,https://petweb.jp/ec_rider/product_images/0000/0921/424006-01_02_0.jpg?1612649528,440.0,JANコード：4947651906007,商品コード：424006-01
259,https://petweb.jp/show?product_code=424006-02,犬口ケア歯ブラシラージヘッド,https://petweb.jp/ec_rider/product_images/0001/8971/424006-02_01_1.jpg?1625713821,https://petweb.jp/ec_rider/product_images/0001/8966/424006-02_02_0.jpg?1612650584,460.0,JANコード：4947651906014,商品コード：424006-02
260,https://petweb.jp/show?product_code=424006-03,犬口ケア 歯ブラシ マイクロヘッド,https://petweb.jp/ec_rider/product_images/0000/4591/424006-03_01_1.jpg?1625713818,https://petweb.jp/ec_rider/product_images/0000/4586/424006-03_02_0.jpg?1612649742,500.0,JANコード：4947651906045,商品コード：424006-03
261,https://petweb.jp/show?product_code=424010-01,犬口ケア歯ブラシスモールヘッドソフト,https://petweb.jp/ec_rider/product_images/0001/3761/424010-01_01_1.jpg?1625713819,,440.0,JANコード：4947651906021,商品コード：424010-01
262,https://petweb.jp/show?product_code=424010-02,犬口ケア歯ブラシラージヘッドソフト,https://petweb.jp/ec_rider/product_images/0004/1581/424010-02_01_1.jpg?1625713825,,460.0,JANコード：4947651906038,商品コード：424010-02
263,https://petweb.jp/show?product_code=424013-01,犬口ケアゆび歯ぶらし,https://petweb.jp/ec_rider/product_images/0002/3406/424013-01_01_1.jpg?1625713822,https://petweb.jp/ec_rider/product_images/0002/3401/424013-01_02_0.jpg?1612650841,500.0,JANコード：4947651907004,商品コード：424013-01
264,https://petweb.jp/show?product_code=479066-01,ｍａｄｅ ｏｆ ｏｒｇａｎｉｃｓ ｆｏｒ Ｄｏｇトゥースペーストミント新７５ｇ,https://petweb.jp/ec_rider/product_images/0004/2286/479066-01_01_1.jpg?1625115578,,1300.0,JANコード：4528636803933,商品コード：479066-01
265,https://petweb.jp/show?product_code=479067-01,ｍａｄｅ ｏｆ ｏｒｇａｎｉｃｓ ｆｏｒ Ｄｏｇトゥースペーストブルーベリー新７５ｇ,https://petweb.jp/ec_rider/product_images/0001/9161/479067-01_01_1.jpg?1625115569,,1300.0,JANコード：4528636803940,商品コード：479067-01
266,https://petweb.jp/show?product_code=479160-01,ＭＯＯＤＯＧ ホワイトニングトゥースペースト ５０ｇ,https://petweb.jp/ec_rider/product_images/0004/9046/479160-01_01_1.jpg?1625115581,https://petweb.jp/ec_rider/product_images/0004/9041/479160-01_02_0.jpg?1612652401,1300.0,JANコード：4528636805029,商品コード：479160-01
267,https://petweb.jp/show?product_code=479411-01,超やわらか歯ブラシＳ,https://petweb.jp/ec_rider/product_images/0005/6606/479411-01_01_1.jpg?1633077620,,520.0,JANコード：4528636807214,商品コード：479411-01
268,https://petweb.jp/show?product_code=479411-02,超やわらか歯ブラシＭ,https://petweb.jp/ec_rider/product_images/0005/6596/479411-02_01_1.jpg?1633077617,,520.0,JANコード：4528636807221,商品コード：479411-02
269,https://petweb.jp/show?product_code=479411-12,やわらか段差歯ブラシＳ,https://petweb.jp/ec_rider/product_images/0005/6591/479411-12_01_1.jpg?1633077614,,520.0,JANコード：4528636807238,商品コード：479411-12
270,https://petweb.jp/show?product_code=479411-13,やわらか段差歯ブラシＭ,https://petweb.jp/ec_rider/product_images/0005/6611/479411-13_01_1.jpg?1633077620,,520.0,JANコード：4528636807245,商品コード：479411-13
271,https://petweb.jp/show?product_code=479411-14,やわらか極小歯ブラシＳＳ,https://petweb.jp/ec_rider/product_images/0005/6586/479411-14_01_1.jpg?1633077613,,520.0,JANコード：4528636807252,商品コード：479411-14
272,https://petweb.jp/show?product_code=483020-01,シグワン ハミガキサプリ ＰＲＯ,https://petweb.jp/ec_rider/product_images/0006/0791/483020-01_01_1.jpg?1642386551,https://petweb.jp/ec_rider/product_images/0006/0786/483020-01_02_0.jpg?1642386551,800.0,JANコード：4560188701190,商品コード：483020-01
273,https://petweb.jp/show?product_code=534009-11,指サックシリコンブラシ 幼犬用コンビセット,https://petweb.jp/ec_rider/product_images/0001/2936/534009-11_01_1.jpg?1612650235,,998.0,JANコード：4582574850022,商品コード：534009-11
274,https://petweb.jp/show?product_code=534009-12,指サックシリコンブラシ 全犬種用オリジナルセット,https://petweb.jp/ec_rider/product_images/0000/1546/534009-12_01_1.jpg?1612649564,,998.0,JANコード：4582574850015,商品コード：534009-12
275,https://petweb.jp/show?product_code=648001-03,マジックゼオプロ,https://petweb.jp/ec_rider/product_images/0002/6021/648001-03_01_1.jpg?1612650998,https://petweb.jp/ec_rider/product_images/0002/6026/648001-03_02_0.jpg?1612650998,2480.0,JANコード：4562423930105,商品コード：648001-03
276,https://petweb.jp/show?product_code=648002-03,マジックゼオデイリー,https://petweb.jp/ec_rider/product_images/0004/5566/648002-03_01_1.jpg?1612652190,https://petweb.jp/ec_rider/product_images/0004/5571/648002-03_02_0.jpg?1612652190,2480.0,JANコード：4562423930440,商品コード：648002-03
277,https://petweb.jp/show?product_code=657104-01,ＶＥＴ’Ｓ ＢＥＳＴ デンタルフォーム,https://petweb.jp/ec_rider/product_images/0003/7361/657104-01_01_1.jpg?1612651694,https://petweb.jp/ec_rider/product_images/0003/7356/657104-01_02_0.jpg?1612651694,3500.0,JANコード：31658803781,商品コード：657104-01
278,https://petweb.jp/show?product_code=657105-01,ＶＥＴ’Ｓ ＢＥＳＴ クリーンティース フィンガーパッド,https://petweb.jp/ec_rider/product_images/0004/1106/657105-01_01_1.jpg?1612651925,https://petweb.jp/ec_rider/product_images/0004/1111/657105-01_02_0.jpg?1612651926,2800.0,JANコード：31658803606,商品コード：657105-01
279,https://petweb.jp/show?product_code=547074-01,コスモスラクト デンタルローションジェルタイプ,https://petweb.jp/ec_rider/product_images/0003/4626/547074-01_01_1.jpg?1612651526,https://petweb.jp/ec_rider/product_images/0003/4636/547074-01_02_0.jpg?1612651527,2000.0,JANコード：4979007010205,商品コード：547074-01
280,https://petweb.jp/show?product_code=483001-01,シグワン小型犬用歯ブラシ,https://petweb.jp/ec_rider/product_images/0001/9596/483001-01_01_1.jpg?1625198631,https://petweb.jp/ec_rider/product_images/0001/9591/483001-01_02_0.jpg?1612650621,680.0,JANコード：4560188700315,商品コード：483001-01
281,https://petweb.jp/show?product_code=483001-02,シグワン超小型犬用歯ブラシピンク,https://petweb.jp/ec_rider/product_images/0004/6186/483001-02_01_1.jpg?1625198636,https://petweb.jp/ec_rider/product_images/0004/6181/483001-02_02_0.jpg?1612652227,680.0,JANコード：4560188700353,商品コード：483001-02
282,https://petweb.jp/show?product_code=483001-11,シグワン 子犬用歯ブラシ,https://petweb.jp/ec_rider/product_images/0003/7636/483001-11_02_0.jpg?1640765990,https://petweb.jp/ec_rider/product_images/0003/7626/483001-11_01_1.jpg?1640765989,680.0,JANコード：4560188700629,商品コード：483001-11
283,https://petweb.jp/show?product_code=483001-21,シグワン 猫用歯ブラシ,https://petweb.jp/ec_rider/product_images/0001/1621/483001-21_01_1.jpg?1612650159,https://petweb.jp/ec_rider/product_images/0001/1626/483001-21_02_0.jpg?1612650160,680.0,JANコード：4560188700636,商品コード：483001-21
284,https://petweb.jp/show?product_code=483017-01,シグワン コンパクト歯ブラシ ラージ,https://petweb.jp/ec_rider/product_images/0003/5136/483017-01_01_1.jpg?1612651558,https://petweb.jp/ec_rider/product_images/0003/5131/483017-01_02_0.jpg?1612651557,680.0,JANコード：4560188701138,商品コード：483017-01
285,https://petweb.jp/show?product_code=483017-02,シグワン コンパクト歯ブラシ ミディアム,https://petweb.jp/ec_rider/product_images/0001/6561/483017-02_01_1.jpg?1612650445,https://petweb.jp/ec_rider/product_images/0001/6551/483017-02_02_0.jpg?1612650445,680.0,JANコード：4560188701145,商品コード：483017-02
286,https://petweb.jp/show?product_code=483017-03,シグワン コンパクト歯ブラシ スモール,https://petweb.jp/ec_rider/product_images/0003/0531/483017-03_01_1.jpg?1612651273,https://petweb.jp/ec_rider/product_images/0003/0536/483017-03_02_0.jpg?1612651273,680.0,JANコード：4560188701152,商品コード：483017-03
287,https://petweb.jp/show?product_code=483017-04,シグワン コンパクト歯ブラシ キャット,https://petweb.jp/ec_rider/product_images/0003/7566/483017-04_01_1.jpg?1612651706,https://petweb.jp/ec_rider/product_images/0003/7561/483017-04_02_0.jpg?1612651706,680.0,JANコード：4560188701169,商品コード：483017-04
288,https://petweb.jp/show?product_code=483018-01,シグワン ゼオライトハミガキ２１ｇ,https://petweb.jp/ec_rider/product_images/0000/6496/483018-01_01_1.jpg?1612649853,https://petweb.jp/ec_rider/product_images/0000/6501/483018-01_02_0.jpg?1612649854,780.0,JANコード：4560188701183,商品コード：483018-01
289,https://petweb.jp/show?product_code=483019-01,シグワンコンパクト歯磨きセット スモール,https://petweb.jp/ec_rider/product_images/0000/8111/483019-01_01_1.jpg?1612649950,,1460.0,JANコード：4560188700698,商品コード：483019-01
290,https://petweb.jp/show?product_code=483019-02,シグワンコンパクト歯磨きセット ミディアム,https://petweb.jp/ec_rider/product_images/0001/7076/483019-02_01_1.jpg?1612650476,,1460.0,JANコード：4560188700681,商品コード：483019-02
291,https://petweb.jp/show?product_code=483019-03,シグワンコンパクト歯磨きセット ラージ,https://petweb.jp/ec_rider/product_images/0000/8221/483019-03_01_1.jpg?1612649957,,1460.0,JANコード：4560188700674,商品コード：483019-03
292,https://petweb.jp/show?product_code=050005-01,ドラマ サトウ １５ｍｌ 業務用,https://petweb.jp/ec_rider/product_images/0003/0026/050005-01_01_1.jpg?1625448149,https://petweb.jp/ec_rider/product_images/0003/0031/050005-01_02_0.jpg?1625448151,900.0,JANコード：4987316018072,商品コード：050005-01
293,https://petweb.jp/show?product_code=050009-01,動物用新テスミンＳ,https://petweb.jp/ec_rider/product_images/0002/8311/050009-01_01_1.jpg?1612651137,,900.0,JANコード：4987316016276,商品コード：050009-01
294,https://petweb.jp/show?product_code=124003-01,クイックストップ,https://petweb.jp/ec_rider/product_images/0000/5891/124003-01_01_1.jpg?1638507732,https://petweb.jp/ec_rider/product_images/0000/5896/124003-01_02_0.jpg?1638507732,5300.0,JANコード：4546362001102,商品コード：124003-01
295,https://petweb.jp/show?product_code=605402-01,オレンジＸ スプレーガン,https://petweb.jp/ec_rider/product_images/0000/1431/605402-01_01_1.jpg?1625098325,https://petweb.jp/ec_rider/product_images/0005/4131/605402-01_02_0.jpg?1625098322,440.0,JANコード：4952211000033,商品コード：605402-01
296,https://petweb.jp/show?product_code=412624-01,ハグパップ 耳毛切りハサミ,https://petweb.jp/ec_rider/product_images/0005/0346/412624-01_01_1.jpg?1613472529,https://petweb.jp/ec_rider/product_images/0005/0351/412624-01_02_0.jpg?1613472530,14000.0,JANコード：4560124958626,商品コード：412624-01
297,https://petweb.jp/show?product_code=031160-01,ステンレスツィザー Ｓ,https://petweb.jp/ec_rider/product_images/0004/8456/031160-01_01_1.jpg?1625556624,https://petweb.jp/ec_rider/product_images/0004/8451/031160-01_02_0.jpg?1625556624,3800.0,JANコード：4936479008550,商品コード：031160-01
298,https://petweb.jp/show?product_code=052012-01,スピーディク電気クリッパー  PEACE  (犬刈用),https://petweb.jp/ec_rider/product_images/0000/8801/052012-01_01_1.jpg?1612649991,https://petweb.jp/ec_rider/product_images/0000/8806/052012-01_02_0.jpg?1612649992,34000.0,JANコード：4937220100066,商品コード：052012-01
299,https://petweb.jp/show?product_code=052012-51,スピーディク電気クリッパー  PEACE用電池パック,https://petweb.jp/ec_rider/product_images/0000/2636/052012-51_01_1.jpg?1612649628,,4500.0,JANコード：4937220100073,商品コード：052012-51
300,https://petweb.jp/show?product_code=052013-01,スピーディク電気バリカン ＧＲＡＣＩＡ ブラック ペット用,https://petweb.jp/ec_rider/product_images/0001/3306/052013-01_01_1.jpg?1612650257,,30000.0,JANコード：4937220300206,商品コード：052013-01
301,https://petweb.jp/show?product_code=052013-02,スピーディク電気バリカン ＧＲＡＣＩＡ ローズ ペット用,https://petweb.jp/ec_rider/product_images/0003/4571/052013-02_01_1.jpg?1612651523,,30000.0,JANコード：4937220300107,商品コード：052013-02
302,https://petweb.jp/show?product_code=089034-01,ペットクラブ犬用バリカン部分カット用,https://petweb.jp/ec_rider/product_images/0001/0246/089034-01_01_1.jpg?1612650076,https://petweb.jp/ec_rider/product_images/0001/0241/089034-01_02_0.jpg?1612650076,5500.0,JANコード：4547441507416,商品コード：089034-01
303,https://petweb.jp/show?product_code=089035-01,ペットクラブ犬用バリカン全身カット用,https://petweb.jp/ec_rider/product_images/0002/7991/089035-01_01_1.jpg?1612651118,https://petweb.jp/ec_rider/product_images/0002/8001/089035-01_02_0.jpg?1612651119,5572.0,JANコード：4547441507423,商品コード：089035-01
304,https://petweb.jp/show?product_code=699001-01,スリーククリッパー,https://petweb.jp/ec_rider/product_images/0005/8121/699001-01_01_1.jpg?1637636210,https://petweb.jp/ec_rider/product_images/0005/8116/699001-01_02_0.jpg?1637636210,50000.0,JANコード：4580633650156,商品コード：699001-01
305,https://petweb.jp/show?product_code=052103-01,電バリ用替刃 １ｍｍ,https://petweb.jp/ec_rider/product_images/0003/3316/052103-01_01_1.jpg?1612651445,,6500.0,JANコード：4937220878736,商品コード：052103-01
306,https://petweb.jp/show?product_code=052103-02,電バリ用替刃 ２ｍｍ,https://petweb.jp/ec_rider/product_images/0000/5021/052103-02_01_1.jpg?1612649767,,6500.0,JANコード：4937220878750,商品コード：052103-02
307,https://petweb.jp/show?product_code=052103-03,電バリ用替刃 ３ｍｍ,https://petweb.jp/ec_rider/product_images/0004/4096/052103-03_01_1.jpg?1612652103,,6500.0,JANコード：4937220878774,商品コード：052103-03
308,https://petweb.jp/show?product_code=052103-05,電バリ用替刃 ５ｍｍ,https://petweb.jp/ec_rider/product_images/0003/6191/052103-05_01_1.jpg?1612651622,,6800.0,JANコード：4937220878781,商品コード：052103-05
309,https://petweb.jp/show?product_code=052103-06,電バリ用替刃 ６ｍｍ,https://petweb.jp/ec_rider/product_images/0004/1566/052103-06_01_1.jpg?1612651953,,7000.0,JANコード：4937220878798,商品コード：052103-06
310,https://petweb.jp/show?product_code=052103-08,電バリ用替刃 ８ｍｍ,https://petweb.jp/ec_rider/product_images/0003/2181/052103-08_01_1.jpg?1612651375,,7600.0,JANコード：4937220878804,商品コード：052103-08
311,https://petweb.jp/show?product_code=052103-09,電バリ用替刃 ９ｍｍ,https://petweb.jp/ec_rider/product_images/0000/8796/052103-09_01_1.jpg?1612649991,,8000.0,JANコード：4937220878811,商品コード：052103-09
312,https://petweb.jp/show?product_code=052103-10,電バリ用替刃 １０ｍｍ,https://petweb.jp/ec_rider/product_images/0001/9776/052103-10_01_1.jpg?1612650631,,8400.0,JANコード：4937220878828,商品コード：052103-10
313,https://petweb.jp/show?product_code=052103-11,電バリ用替刃 １１ｍｍ,https://petweb.jp/ec_rider/product_images/0000/4196/052103-11_01_1.jpg?1612649721,,8600.0,JANコード：4937220878835,商品コード：052103-11
314,https://petweb.jp/show?product_code=052103-13,電バリ用替刃 １３ｍｍ,https://petweb.jp/ec_rider/product_images/0004/3561/052103-13_01_1.jpg?1612652072,,10000.0,JANコード：4937220878842,商品コード：052103-13
315,https://petweb.jp/show?product_code=052103-14,電バリ用替刃 ０．１ｍｍ,https://petweb.jp/ec_rider/product_images/0000/8521/052103-14_01_1.jpg?1612649975,,6800.0,JANコード：4937220878712,商品コード：052103-14
316,https://petweb.jp/show?product_code=052103-15,電バリ用替刃 ０．５ｍｍ,https://petweb.jp/ec_rider/product_images/0002/0411/052103-15_01_1.jpg?1612650668,,6500.0,JANコード：4937220878729,商品コード：052103-15
317,https://petweb.jp/show?product_code=052203-01,ＳＰＥＥＤＩＫ 電気バリカン ギアボックス内各部品用グリーズ,https://petweb.jp/ec_rider/product_images/0001/8641/052203-01_01_1.jpg?1612650566,,600.0,JANコード：4937220102701,商品コード：052203-01
318,https://petweb.jp/show?product_code=089012-04,ペットクラブ替刃（部分カット用）,https://petweb.jp/ec_rider/product_images/0003/6731/089012-04_01_1.jpg?1616574359,,2000.0,JANコード：4989602297413,商品コード：089012-04
319,https://petweb.jp/show?product_code=089033-01,ペットクラブ替刃（全身カット用）,https://petweb.jp/ec_rider/product_images/0001/4321/089033-01_01_1.jpg?1612650316,,2500.0,JANコード：4547441321012,商品コード：089033-01
320,https://petweb.jp/show?product_code=212758-01,Ｂｌｏｏｍ ブルーム替刃 ０．１ｍｍ,https://petweb.jp/ec_rider/product_images/0003/1656/212758-01_01_1.jpg?1612651343,,5700.0,JANコード：4582309820016,商品コード：212758-01
321,https://petweb.jp/show?product_code=212758-02,Ｂｌｏｏｍ ブルーム替刃 ０．５ｍｍ,https://petweb.jp/ec_rider/product_images/0000/8486/212758-02_01_1.jpg?1612649973,,5700.0,JANコード：4582309820023,商品コード：212758-02
322,https://petweb.jp/show?product_code=212758-03,Ｂｌｏｏｍ ブルーム替刃 １ｍｍ,https://petweb.jp/ec_rider/product_images/0002/2001/212758-03_01_1.jpg?1612650759,,5700.0,JANコード：4582309820030,商品コード：212758-03
323,https://petweb.jp/show?product_code=212758-04,Ｂｌｏｏｍ ブルーム替刃 ２ｍｍ,https://petweb.jp/ec_rider/product_images/0000/5616/212758-04_01_1.jpg?1612649802,,5700.0,JANコード：4582309820047,商品コード：212758-04
324,https://petweb.jp/show?product_code=212758-05,Ｂｌｏｏｍ ブルーム替刃 ３ｍｍ,https://petweb.jp/ec_rider/product_images/0001/4576/212758-05_01_1.jpg?1612650331,,6650.0,JANコード：4582309820054,商品コード：212758-05
325,https://petweb.jp/show?product_code=212758-06,Ｂｌｏｏｍ ブルーム替刃 ５ｍｍ,https://petweb.jp/ec_rider/product_images/0002/9441/212758-06_01_1.jpg?1612651206,,6650.0,JANコード：4582309820061,商品コード：212758-06
326,https://petweb.jp/show?product_code=212758-07,Ｂｌｏｏｍ ブルーム替刃 ６ｍｍ,https://petweb.jp/ec_rider/product_images/0003/0496/212758-07_01_1.jpg?1612651271,,7350.0,JANコード：4582309820078,商品コード：212758-07
327,https://petweb.jp/show?product_code=212758-08,Ｂｌｏｏｍ ブルーム替刃 ８ｍｍ,https://petweb.jp/ec_rider/product_images/0003/6281/212758-08_01_1.jpg?1612651627,,8000.0,JANコード：4582309820085,商品コード：212758-08
328,https://petweb.jp/show?product_code=212758-09,Ｂｌｏｏｍ ブルーム替刃 ９ｍｍ,https://petweb.jp/ec_rider/product_images/0003/7461/212758-09_01_1.jpg?1612651700,,8650.0,JANコード：4582309820092,商品コード：212758-09
329,https://petweb.jp/show?product_code=699002-01,スリーククリッパー替刃１ｍｍ,https://petweb.jp/ec_rider/product_images/0005/8101/699002-01_01_1.jpg?1637636209,,6428.0,JANコード：4580633650170,商品コード：699002-01
330,https://petweb.jp/show?product_code=699002-02,スリーククリッパー替刃３ｍｍ,https://petweb.jp/ec_rider/product_images/0005/8141/699002-02_01_1.jpg?1637636211,,7142.0,JANコード：4580633650187,商品コード：699002-02
331,https://petweb.jp/show?product_code=699002-03,スリーククリッパー替刃４．５ｍｍ,https://petweb.jp/ec_rider/product_images/0005/8096/699002-03_01_1.jpg?1637636209,,7857.0,JANコード：4580633651016,商品コード：699002-03
332,https://petweb.jp/show?product_code=699002-04,スリーククリッパー替刃６ｍｍ,https://petweb.jp/ec_rider/product_images/0005/8126/699002-04_01_1.jpg?1637636210,,7857.0,JANコード：4580633651023,商品コード：699002-04
333,https://petweb.jp/show?product_code=699002-05,スリーククリッパー替刃９ｍｍ,https://petweb.jp/ec_rider/product_images/0005/8111/699002-05_01_1.jpg?1637636210,,7857.0,JANコード：4580633651030,商品コード：699002-05
334,https://petweb.jp/show?product_code=699003-01,クリッパーリング,https://petweb.jp/ec_rider/product_images/0005/8131/699003-01_01_1.jpg?1637636211,https://petweb.jp/ec_rider/product_images/0005/8136/699003-01_02_0.jpg?1637636211,2143.0,JANコード：4580633650194,商品コード：699003-01
335,https://petweb.jp/show?product_code=019004-01,ＡＲＣ クリッパールーブ,https://petweb.jp/ec_rider/product_images/0001/6486/019004-01_01_1.jpg?1621578057,https://petweb.jp/ec_rider/product_images/0001/6491/019004-01_02_0.jpg?1621578058,2340.0,JANコード：4969735700929,商品コード：019004-01
336,https://petweb.jp/show?product_code=019010-01,ＡＲＣ スーパークリーン ＃１１６,https://petweb.jp/ec_rider/product_images/0004/0021/019010-01_01_1.jpg?1621578112,https://petweb.jp/ec_rider/product_images/0004/0026/019010-01_02_0.jpg?1621578113,3510.0,JANコード：4969735700950,商品コード：019010-01
337,https://petweb.jp/show?product_code=019016-01,ＡＲＣ シザーオイル ＃１１９,https://petweb.jp/ec_rider/product_images/0002/3381/019016-01_01_1.jpg?1621578060,https://petweb.jp/ec_rider/product_images/0005/3671/019016-01_02_0.jpg?1621578059,4680.0,JANコード：4969735700974,商品コード：019016-01
338,https://petweb.jp/show?product_code=019161-01,ＡＲＣ クリッパークーラント,https://petweb.jp/ec_rider/product_images/0002/8511/019161-01_01_1.jpg?1621578135,https://petweb.jp/ec_rider/product_images/0002/8506/019161-01_02_0.jpg?1621578135,2460.0,JANコード：4969735700912,商品コード：019161-01
339,https://petweb.jp/show?product_code=210986-01,シェッドバスター,https://petweb.jp/ec_rider/product_images/0001/5961/210986-01_01_1.jpg?1625448143,https://petweb.jp/ec_rider/product_images/0001/5966/210986-01_02_0.jpg?1625448144,3000.0,JANコード：4525705018847,商品コード：210986-01
340,https://petweb.jp/show?product_code=275296-01,シェッドスリッカーＰＡＫＯ Ｓ,https://petweb.jp/ec_rider/product_images/0001/2956/275296-01_01_1.jpg?1625448139,https://petweb.jp/ec_rider/product_images/0001/2961/275296-01_02_0.jpg?1625448140,1800.0,JANコード：4525705019172,商品コード：275296-01
341,https://petweb.jp/show?product_code=275296-02,シェッドスリッカーＰＡＫＯ Ｍ,https://petweb.jp/ec_rider/product_images/0002/9541/275296-02_01_1.jpg?1625448148,https://petweb.jp/ec_rider/product_images/0002/9531/275296-02_02_0.jpg?1625448146,2000.0,JANコード：4525705019189,商品コード：275296-02
342,https://petweb.jp/show?product_code=242535-01,フルーツ村のスリッカーブラシ Ｓ,https://petweb.jp/ec_rider/product_images/0000/7671/242535-01_01_1.jpg?1612649923,https://petweb.jp/ec_rider/product_images/0000/7676/242535-01_02_0.jpg?1612649924,1350.0,JANコード：4984937611279,商品コード：242535-01
343,https://petweb.jp/show?product_code=242535-02,フルーツ村のスリッカーブラシ Ｍ,https://petweb.jp/ec_rider/product_images/0002/6331/242535-02_01_1.jpg?1612651018,,1500.0,JANコード：4984937611286,商品コード：242535-02
344,https://petweb.jp/show?product_code=021071-01,オカノ ソフトスリッカーブラシ 小,https://petweb.jp/ec_rider/product_images/0001/2991/021071-01_01_1.jpg?1625027404,https://petweb.jp/ec_rider/product_images/0001/2986/021071-01_02_0.jpg?1612650239,1100.0,JANコード：4907733146011,商品コード：021071-01
345,https://petweb.jp/show?product_code=021071-02,オカノ ソフトスリッカーブラシ 中,https://petweb.jp/ec_rider/product_images/0002/0176/021071-02_01_1.jpg?1625027406,https://petweb.jp/ec_rider/product_images/0002/0166/021071-02_02_0.jpg?1612650653,1300.0,JANコード：4907733146028,商品コード：021071-02
346,https://petweb.jp/show?product_code=075001-01,インターナショナルドイツピンブラシ№２００大,https://petweb.jp/ec_rider/product_images/0001/4616/075001-01_01_1.jpg?1612650333,,2800.0,JANコード：4964658242006,商品コード：075001-01
347,https://petweb.jp/show?product_code=075001-02,インターナショナルドイツピンブラシ№２０１中,https://petweb.jp/ec_rider/product_images/0004/6896/075001-02_01_1.jpg?1612652271,,2400.0,JANコード：4964658242013,商品コード：075001-02
348,https://petweb.jp/show?product_code=075001-03,インターナショナルドイツピンブラシ№２０２小,https://petweb.jp/ec_rider/product_images/0002/6896/075001-03_01_1.jpg?1625116726,,2200.0,JANコード：4964658242020,商品コード：075001-03
349,https://petweb.jp/show?product_code=075034-01,ローレンスソフトスリッカーブラシＳＳ,https://petweb.jp/ec_rider/product_images/0004/4961/075034-01_01_1.jpg?1625116849,,1200.0,JANコード：4964658501134,商品コード：075034-01
350,https://petweb.jp/show?product_code=075034-02,ローレンスソフトスリッカーブラシＳ,https://petweb.jp/ec_rider/product_images/0001/4186/075034-02_01_1.jpg?1625116858,,1500.0,JANコード：4964658501127,商品コード：075034-02
351,https://petweb.jp/show?product_code=075034-03,ローレンスソフトスリッカーブラシＭ,https://petweb.jp/ec_rider/product_images/0002/9481/075034-03_01_1.jpg?1625116870,,1700.0,JANコード：4964658501110,商品コード：075034-03
352,https://petweb.jp/show?product_code=338356-01,ファーミネーター (FURminator ) 超小型犬 ＸＳ 短毛種用,https://petweb.jp/ec_rider/product_images/0003/8841/338356-01_01_1.jpg?1625112791,https://petweb.jp/ec_rider/product_images/0003/8846/338356-01_02_0.jpg?1625112792,5280.0,JANコード：8117940114376,商品コード：338356-01
353,https://petweb.jp/show?product_code=338356-02,ファーミネーター (FURminator ) 小型犬 Ｓ 短毛種用,https://petweb.jp/ec_rider/product_images/0004/8731/338356-02_01_1.jpg?1625112804,https://petweb.jp/ec_rider/product_images/0004/8721/338356-02_02_0.jpg?1625112802,5940.0,JANコード：8117940114512,商品コード：338356-02
354,https://petweb.jp/show?product_code=338356-03,ファーミネーター (FURminator ) 中型犬 Ｍ 短毛種用,https://petweb.jp/ec_rider/product_images/0002/0586/338356-03_01_1.jpg?1625112783,https://petweb.jp/ec_rider/product_images/0002/0581/338356-03_02_0.jpg?1625112780,7480.0,JANコード：8117940114758,商品コード：338356-03
355,https://petweb.jp/show?product_code=338356-04,ファーミネーター (FURminator ) 大型犬 Ｌ 短毛種用,https://petweb.jp/ec_rider/product_images/0000/3481/338356-04_01_1.jpg?1625112774,https://petweb.jp/ec_rider/product_images/0000/3471/338356-04_02_0.jpg?1625112766,8800.0,JANコード：8117940114994,商品コード：338356-04
356,https://petweb.jp/show?product_code=338356-11,ファーミネーター (FURminator ) 超小型犬 ＸＳ 長毛種用,https://petweb.jp/ec_rider/product_images/0004/7956/338356-11_01_1.jpg?1625112801,https://petweb.jp/ec_rider/product_images/0004/7946/338356-11_02_0.jpg?1625112800,5280.0,JANコード：8117940114444,商品コード：338356-11
357,https://petweb.jp/show?product_code=338356-12,ファーミネーター (FURminator ) 小型犬 Ｓ 長毛種用,https://petweb.jp/ec_rider/product_images/0003/9126/338356-12_01_1.jpg?1625112793,https://petweb.jp/ec_rider/product_images/0003/9136/338356-12_02_0.jpg?1625112794,5940.0,JANコード：8117940114680,商品コード：338356-12
358,https://petweb.jp/show?product_code=338356-13,ファーミネーター (FURminator ) 中型犬 Ｍ 長毛種用,https://petweb.jp/ec_rider/product_images/0001/1751/338356-13_01_1.jpg?1625112780,https://petweb.jp/ec_rider/product_images/0001/1746/338356-13_02_0.jpg?1625112777,7480.0,JANコード：8117940114826,商品コード：338356-13
359,https://petweb.jp/show?product_code=338356-14,ファーミネーター (FURminator ) 大型犬 Ｌ 長毛種用,https://petweb.jp/ec_rider/product_images/0004/1516/338356-14_01_1.jpg?1625112796,https://petweb.jp/ec_rider/product_images/0004/1511/338356-14_02_0.jpg?1625112795,8800.0,JANコード：8117940115052,商品コード：338356-14
360,https://petweb.jp/show?product_code=338356-21,ファーミネーター (FURminator ) 小型猫 Ｓ 短毛種用,https://petweb.jp/ec_rider/product_images/0004/6671/338356-21_01_1.jpg?1625112799,https://petweb.jp/ec_rider/product_images/0004/6666/338356-21_02_0.jpg?1625112797,5940.0,JANコード：8117940115366,商品コード：338356-21
361,https://petweb.jp/show?product_code=338356-22,ファーミネーター (FURminator ) 大型猫 Ｌ 短毛種用,https://petweb.jp/ec_rider/product_images/0000/5671/338356-22_01_1.jpg?1625112776,https://petweb.jp/ec_rider/product_images/0000/5686/338356-22_02_0.jpg?1625112777,7480.0,JANコード：8117940115748,商品コード：338356-22
362,https://petweb.jp/show?product_code=338356-31,ファーミネーター (FURminator ) 小型猫 Ｓ 長毛種用,https://petweb.jp/ec_rider/product_images/0003/8001/338356-31_01_1.jpg?1625112788,https://petweb.jp/ec_rider/product_images/0003/8016/338356-31_02_0.jpg?1625112789,5940.0,JANコード：8117940115670,商品コード：338356-31
363,https://petweb.jp/show?product_code=338356-32,ファーミネーター (FURminator ) 大型猫 Ｌ 長毛種用,https://petweb.jp/ec_rider/product_images/0004/9011/338356-32_01_1.jpg?1625112807,https://petweb.jp/ec_rider/product_images/0004/8996/338356-32_02_0.jpg?1625112805,7480.0,JANコード：8117940115816,商品コード：338356-32
364,https://petweb.jp/show?product_code=338356-41,ファーミネーター (FURminator ) 小動物用,https://petweb.jp/ec_rider/product_images/0003/1051/338356-41_01_1.jpg?1625112786,,5280.0,JANコード：8117940115984,商品コード：338356-41
365,https://petweb.jp/show?product_code=457301-01,ハーツ ビューティケア ファーフェッチャー Ｓ,https://petweb.jp/ec_rider/product_images/0006/2291/457301-01_01_1.jpg?1647493241,https://petweb.jp/ec_rider/product_images/0006/2296/457301-01_02_0.jpg?1647493241,1978.0,JANコード：4562149053201,商品コード：457301-01
366,https://petweb.jp/show?product_code=457301-02,ハーツ ビューティケア ファーフェッチャー Ｌ,https://petweb.jp/ec_rider/product_images/0006/2271/457301-02_01_1.jpg?1647493239,https://petweb.jp/ec_rider/product_images/0006/2266/457301-02_02_0.jpg?1647493239,2480.0,JANコード：4562149053218,商品コード：457301-02
367,https://petweb.jp/show?product_code=457302-01,ハーツ ビューティケア スリッカーブラシ,https://petweb.jp/ec_rider/product_images/0006/2251/457302-01_01_1.jpg?1647493233,https://petweb.jp/ec_rider/product_images/0006/2256/457302-01_02_0.jpg?1647493234,980.0,JANコード：4562149053225,商品コード：457302-01
368,https://petweb.jp/show?product_code=457303-01,ハーツ ビューティケア コンボブラシ,https://petweb.jp/ec_rider/product_images/0006/2281/457303-01_01_1.jpg?1647493240,https://petweb.jp/ec_rider/product_images/0006/2276/457303-01_02_0.jpg?1647493240,980.0,JANコード：4562149053232,商品コード：457303-01
369,https://petweb.jp/show?product_code=156001-01,両目金グシ 並,https://petweb.jp/ec_rider/product_images/0004/2151/156001-01_01_1.jpg?1626152289,,1022.0,JANコード：4963974003414,商品コード：156001-01
370,https://petweb.jp/show?product_code=156001-02,両目金グシ かのこ小,https://petweb.jp/ec_rider/product_images/0004/8531/156001-02_01_1.jpg?1626152291,,2102.0,JANコード：4963974003421,商品コード：156001-02
371,https://petweb.jp/show?product_code=156001-03,両目金グシ かのこ中,https://petweb.jp/ec_rider/product_images/0003/8551/156001-03_01_1.jpg?1626152287,,2126.0,JANコード：4963974003438,商品コード：156001-03
372,https://petweb.jp/show?product_code=156001-04,両目金グシ かのこ大,https://petweb.jp/ec_rider/product_images/0001/7821/156001-04_01_1.jpg?1626152285,,2582.0,JANコード：4963974003445,商品コード：156001-04
373,https://petweb.jp/show?product_code=156011-01,スキグシ,https://petweb.jp/ec_rider/product_images/0004/0891/156011-01_01_1.jpg?1626152288,,2702.0,JANコード：4963974003452,商品コード：156011-01
374,https://petweb.jp/show?product_code=156011-02,金柄付スキグシ,https://petweb.jp/ec_rider/product_images/0004/5206/156011-02_01_1.jpg?1626152290,,3782.0,JANコード：4963974003469,商品コード：156011-02
375,https://petweb.jp/show?product_code=457304-01,ハーツ ビューティケア マイクロコーム,https://petweb.jp/ec_rider/product_images/0006/2351/457304-01_01_1.jpg?1647493277,https://petweb.jp/ec_rider/product_images/0006/2356/457304-01_02_0.jpg?1647493277,880.0,JANコード：4562149053249,商品コード：457304-01
376,https://petweb.jp/show?product_code=699005-01,シセルリノ コートマスクコーム,https://petweb.jp/ec_rider/product_images/0005/8106/699005-01_01_1.jpg?1637636209,,5500.0,JANコード：4580633650149,商品コード：699005-01
377,https://petweb.jp/show?product_code=583008-01,ＯＰＰＯ ＦｕｒＲｅｍｏｖｅｒ グリーン,https://petweb.jp/ec_rider/product_images/0003/0561/583008-01_01_1.jpg?1612651275,,1200.0,JANコード：4904771105574,商品コード：583008-01
378,https://petweb.jp/show?product_code=699004-01,シセルリノ バブルシャンプーブラシ,https://petweb.jp/ec_rider/product_images/0005/8091/699004-01_01_1.jpg?1637636208,,7600.0,JANコード：4580633650132,商品コード：699004-01
379,https://petweb.jp/show?product_code=100300-01,ペット用つめ切り Ｚａｎ（ざん） ギロチンタイプ,https://petweb.jp/ec_rider/product_images/0001/9581/100300-01_01_1.jpg?1614655152,https://petweb.jp/ec_rider/product_images/0006/5036/100300-01_02_0.jpg?1654239804,4000.0,JANコード：4562144610027,商品コード：100300-01
380,https://petweb.jp/show?product_code=100300-03,ペット用つめ切り Ｚａｎ（ざん） ギロチンタイプ 大型犬用,https://petweb.jp/ec_rider/product_images/0001/6126/100300-03_01_1.jpg?1614655151,https://petweb.jp/ec_rider/product_images/0006/5031/100300-03_02_0.jpg?1654239802,4980.0,JANコード：4562144610065,商品コード：100300-03
381,https://petweb.jp/show?product_code=100300-04,ペット用つめ切り Ｚａｎ（ざん） ピコックタイプ,https://petweb.jp/ec_rider/product_images/0001/6156/100300-04_01_1.jpg?1612650422,,5240.0,JANコード：4562144610072,商品コード：100300-04
382,https://petweb.jp/show?product_code=242542-01,フルーツ村の爪ヤスリ,https://petweb.jp/ec_rider/product_images/0001/8416/242542-01_01_1.jpg?1637196369,https://petweb.jp/ec_rider/product_images/0001/8411/242542-01_02_0.jpg?1637196368,700.0,JANコード：4984937611354,商品コード：242542-01
383,https://petweb.jp/show?product_code=510001-01,ドイツ製 アイダペット 爪ヤスリ,https://petweb.jp/ec_rider/product_images/0005/1841/510001-01_01_1.jpg?1625719410,,750.0,JANコード：4937884020014,商品コード：510001-01
384,https://petweb.jp/show?product_code=510002-01,ライフ爪切り,https://petweb.jp/ec_rider/product_images/0005/1836/510002-01_01_1.jpg?1625719410,,2940.0,JANコード：4900905910014,商品コード：510002-01
385,https://petweb.jp/show?product_code=577005-01,コムペットネイルケアキラビオ,https://petweb.jp/ec_rider/product_images/0002/0786/577005-01_01_1.jpg?1625108202,https://petweb.jp/ec_rider/product_images/0002/0796/577005-01_02_0.jpg?1625108203,3600.0,JANコード：4972990140768,商品コード：577005-01
386,https://petweb.jp/show?product_code=603010-01,ペット用 使いやすい爪切りセット,https://petweb.jp/ec_rider/product_images/0001/5751/603010-01_02_0.jpg?1642062421,https://petweb.jp/ec_rider/product_images/0001/5741/603010-01_01_1.jpg?1642062420,880.0,JANコード：4560407440008,商品コード：603010-01
387,https://petweb.jp/show?product_code=603011-01,ペット用ガラスの爪ヤスリ レギュラーセット,https://petweb.jp/ec_rider/product_images/0002/7396/603011-01_02_0.jpg?1642062447,https://petweb.jp/ec_rider/product_images/0002/7401/603011-01_01_1.jpg?1642062447,480.0,JANコード：4560407440015,商品コード：603011-01
388,https://petweb.jp/show?product_code=075136-06,カラーワゴム３５ｇ４色ケース入り,https://petweb.jp/ec_rider/product_images/0003/1956/075136-06_01_1.jpg?1612651361,https://petweb.jp/ec_rider/product_images/0003/1951/075136-06_02_0.jpg?1612651361,600.0,JANコード：4964658260604,商品コード：075136-06
389,https://petweb.jp/show?product_code=100151-01,ペットタオル ピンク,https://petweb.jp/ec_rider/product_images/0001/3986/100151-01_01_1.jpg?1612650296,,2400.0,JANコード：4905489960509,商品コード：100151-01
390,https://petweb.jp/show?product_code=100151-02,ペットタオル ブルー,https://petweb.jp/ec_rider/product_images/0000/2246/100151-02_01_1.jpg?1612649606,,2400.0,JANコード：4905489960516,商品コード：100151-02
391,https://petweb.jp/show?product_code=100151-03,ペットタオル イエロー,https://petweb.jp/ec_rider/product_images/0001/9796/100151-03_01_1.jpg?1612650632,,2400.0,JANコード：4905489960523,商品コード：100151-03
392,https://petweb.jp/show?product_code=364005-01,動物用デジタル体温計デジフラッシュ,https://petweb.jp/ec_rider/product_images/0001/0681/364005-01_01_1.jpg?1625104555,https://petweb.jp/ec_rider/product_images/0001/0686/364005-01_02_0.jpg?1612650103,2200.0,JANコード：3552792279722,商品コード：364005-01
393,https://petweb.jp/show?product_code=412166-01,ワンクスイージーフォーマー１６０ｍｌ,https://petweb.jp/ec_rider/product_images/0001/7746/412166-01_01_1.jpg?1626136100,,800.0,JANコード：4525705923035,商品コード：412166-01
394,https://petweb.jp/show?product_code=412167-01,ワンクスポンプフォーマー６００ｍｌ,https://petweb.jp/ec_rider/product_images/0000/2291/412167-01_01_1.jpg?1626136080,,1500.0,JANコード：4525705923042,商品コード：412167-01
395,https://petweb.jp/show?product_code=479410-01,オーガニック コットンシート ８０枚,https://petweb.jp/ec_rider/product_images/0005/6551/479410-01_01_1.jpg?1633077619,,900.0,JANコード：4528636807191,商品コード：479410-01
396,https://petweb.jp/show?product_code=479410-02,オーガニック コットンシート １８０枚,https://petweb.jp/ec_rider/product_images/0005/6556/479410-02_01_1.jpg?1633077619,,1900.0,JANコード：4528636807207,商品コード：479410-02
